,ipo year,number of employees,country,ceo,founded_year,market_cap,name
0,1980.0,"154,000",USA,Tim Cook,1976.0,"2,825.00 Billion USD",APPLE
1,1986.0,"220,000",USA,Satya Nadella,1975.0,"2,358.00 Billion USD",MICROSOFT CORPORATION
2,,"79,800",Saudi Arabia,Amin H. Al-Nasser,1933.0,"1,889.60 Billion USD",SAUDI ARABIAN OIL COMPANY (Saudi Aramco)
3,2004.0,"156,500",USA,Sundar Pichai,2015.0,"1,820.00 Billion USD",ALPHABET
4,1997.0,"1,335,000",USA,Andy Jassy,1994.0,"1,649.00 Billion USD",AMAZON.COM
5,2010.0,"99,290",USA,Elon Musk,2003.0,"1,031.00 Billion USD",TESLA
6,2012.0,"77,805",USA,Mark Zuckerberg,2004.0,922.96 Billion USD,META PLATFORMS
7,,"372,000",USA,Warren Buffett,1839.0,711.75 Billion USD,BERKSHIRE HATHAWAY
8,1999.0,"18,975",USA,Jensen Huang,1993.0,679.00 Billion USD,NVIDIA CORPORATION
9,,"65,152",Taiwan,C. C. Wei,1987.0,640.48 Billion USD,TAIWAN SEMICONDUCTOR MANUFACTURING COMPANY (TSMC)
10,,"112,771",China,Ma Huateng,1998.0,545.36 Billion USD,TENCENT
11,,"271,025",USA,Jamie Dimon,2000.0,494.00 Billion USD,J P MORGAN CHASE & CO
12,,"21,500",USA,Alfred F Kelly Jr,1958.0,471.63 Billion USD,VISA
13,,"141,700",USA,Joaquin Duato,1886.0,457.94 Billion USD,JOHNSON & JOHNSON
14,,"113,753",South Korea,"Kim Hyun Suk
Koh Dong-Jin
Kim Ki Nam",1969.0,438.84 Billion USD,SAMSUNG ELECTRONICS
15,,"350,000",USA,Andrew Witty,1977.0,431.93 Billion USD,UNITEDHEALTH GROUP
16,,"500,000",USA,Craig Menear,1978.0,411.02 Billion USD,HOME DEPOT
17,,"150,000",France,Bernard Arnault,1987.0,409.48 Billion USD,LVMH
18,,"208,000",USA,Brian Moynihan,1998.0,402.49 Billion USD,BANK OF AMERICA CORPORATION
19,,"2,300,000",USA,Doug McMillon,1962.0,401.91 Billion USD,WALMART
20,,"101,000",USA,Jon R. Moeller,1837.0,393.82 Billion USD,PROCTER & GAMBLE COMPANY
21,,"29,031",China,Li Bao Fang,1999.0,382.35 Billion USD,KWEICHOW MOUTAI
22,,"276,000",Switzerland,Ulf Mark Schneider,1866.0,372.72 Billion USD,NESTLE AG
23,2006.0,"24,000",USA,Michael Miebach,1966.0,363.20 Billion USD,MASTERCARD
24,,"100,920",Switzerland,Severin Schwan,1896.0,356.15 Billion USD,ROCHE HOLDING AG
25,2014.0,"251,462",China,Daniel Zhang,1999.0,351.90 Billion USD,ALIBABA GROUP HOLDING
26,,"78,500",USA,Albert Bourla,1849.0,312.75 Billion USD,PFIZER
27,1995.0,"28,000",Netherlands,Peter Wennink,1984.0,307.33 Billion USD,ASML HOLDING
28,,"64,000",USA,Darren Woods,1999.0,291.61 Billion USD,EXXON MOBIL CORPORATION
29,,"190,000",USA,Bob Chapek,1923.0,286.88 Billion USD,THE WALT DISNEY COMPANY
30,,"366,283",Japan,Akio Toyoda,1937.0,276.74 Billion USD,TOYOTA MOTOR CORPORATION
31,,"80,300",USA,James Quincey,1892.0,260.59 Billion USD,COCA-COLA COMPANY
32,1990.0,"79,500",USA,Chuck Robbins,1984.0,257.82 Billion USD,CISCO SYSTEMS
33,2009.0,"20,000",USA,Hock E. Tan,1991.0,255.63 Billion USD,BROADCOM
34,,"23,874",Netherlands,Bob van Dijk,1997.0,254.55 Billion USD,PROSUS
35,,"434,798",China,Nicolas Jimenez,1984.0,252.55 Billion USD,ICBC
36,,"85,392",France,Jean Paul Agon,1909.0,249.14 Billion USD,L'OREAL
37,,"73,300",USA,John Donahoe,1964.0,248.46 Billion USD,NIKE
38,,"35,000",USA,David A. Ricks,1876.0,248.24 Billion USD,ELI LILLY AND COMPANY
39,1986.0,"25,988",USA,Shantanu Narayen,1982.0,242.99 Billion USD,ADOBE
40,,"42,595",USA,Michael Wirth,1879.0,241.02 Billion USD,CHEVRON CORPORATION
41,,"309,000",USA,Ramon Laguarta,1898.0,240.69 Billion USD,PEPSICO
42,,"113,000",USA,Robert Ford,1888.0,239.71 Billion USD,ABBOTT LABORATORIES
43,2002.0,"12,135",USA,"Ted Sarandos
Reed Hastings",1997.0,239.66 Billion USD,NETFLIX
44,,"750,000",India,,,,TATA GROUP
45,,"130,000",USA,Marc N. Casper,2006.0,239.22 Billion USD,THERMO FISHER SCIENTIFIC
46,2012.0,"50,000",USA,Richard A. Gonzalez,2013.0,238.45 Billion USD,ABBVIE
47,,"288,000",USA,W. Craig Jelinek,1983.0,237.76 Billion USD,COSTCO WHOLESALE CORPORATION
48,2001.0,"699,000",Ireland,Julie Sweet,1989.0,234.50 Billion USD,ACCENTURE
49,1986.0,"132,000",USA,Safra A. Catz,1977.0,233.69 Billion USD,ORACLE CORPORATION
50,,"45,971",Denmark,Lars Fruergaard Jorgensen,1923.0,231.35 Billion USD,NOVO NORDISK A/S
51,,"189,000",USA,Brian L. Roberts,1963.0,228.67 Billion USD,COMCAST CORPORATION
52,,"118,400",USA,Hans Vestberg,1983.0,227.69 Billion USD,VERIZON COMMUNICATIONS
53,2004.0,"56,606",USA,Marc Benioff,1999.0,224.88 Billion USD,SALESFORCE.COM
54,,"236,330",India,Mukesh Ambani,1973.0,220.76 Billion USD,RELIANCE INDUSTRIES
55,,"30,900",USA,Daniel Schulman,1998.0,220.42 Billion USD,PAYPAL HOLDINGS
56,,"253,871",USA,Charles W. Scharf,1852.0,218.38 Billion USD,WELLS FARGO & COMPANY
57,,"121,100",USA,Patrick P. Gelsinger,1968.0,217.34 Billion USD,INTEL CORPORATION
58,,"78,000",USA,Rainer M. Blair,1969.0,211.28 Billion USD,DANAHER CORPORATION
59,,"68,000",USA,Robert M. Davis,1970.0,202.83 Billion USD,MERCK & CO
60,1991.0,"45,000",USA,Cristiano R. Aman,1985.0,202.06 Billion USD,QUALCOMM
61,,"104,323",Switzerland,Vasant Narasimhan,1996.0,201.26 Billion USD,NOVARTIS AG
62,,"90,867",China,Huiyu Tian,1987.0,199.86 Billion USD,CHINA MERCHANTS BANK
63,,"200,000",USA,Chris Kempczinski,1940.0,199.56 Billion USD,MCDONALD'S CORPORATION
64,,"33,078",China,Zeng Yuqun,2011.0,197.13 Billion USD,CONTEMPORARY AMPEREX TECHNOLOGY
65,,"606,331",India,Rajesh Gopinathan,1968.0,193.87 Billion USD,TATA CONSULTANCY SERVICES (TCS)
66,1999.0,"534,000",USA,Carol B. Tome,1907.0,189.61 Billion USD,UNITED PARCEL SERVICE (UPS)
67,,"203,000",USA,John T. Stankey,1983.0,187.74 Billion USD,AT&T
68,,"68,097",USA,James P. Gorman,1931.0,186.71 Billion USD,MORGAN STANLEY
69,,"349,671",China,,1954.0,182.17 Billion USD,CHINA CONSTRUCTION BANK CORPORATION
70,,"86,000",Netherlands,Ben van Beurden,1907.0,181.56 Billion USD,ROYAL DUTCH SHELL
71,,"83,100",UK,Pascal Soriot,1999.0,178.12 Billion USD,ASTRAZENECA
72,,"32,000",USA,Walter W Bettinger II,1971.0,173.44 Billion USD,THE CHARLES SCHWAB CORPORATION
73,,"15,417",France,Axel Dumas,1837.0,172.04 Billion USD,HERMES INTERNATIONAL
74,,"74,207",UK,Sanjiv Lamba,1879.0,171.94 Billion USD,LINDE AG
75,,"9,700",USA,James L Robo,1984.0,169.55 Billion USD,NEXTERA ENERGY
76,,"220,000",USA,Marvin Ellison,1921.0,169.17 Billion USD,LOWE'S COMPANIES
77,,"31,000",USA,Richard K. Templeton,1951.0,165.72 Billion USD,TEXAS INSTRUMENTS
78,,"32,124",USA,Lance M. Fritz,1862.0,163.79 Billion USD,UNION PACIFIC CORPORATION
79,,"80,000",Australia,Mike Henry,1885.0,162.91 Billion USD,BHP GROUP
80,,"107,415",Germany,Christian Klein,1972.0,162.54 Billion USD,SAP SE
81,,"459,000",China,,1979.0,160.76 Billion USD,AGRICULTURAL BANK OF CHINA
82,1993.0,"13,500",USA,Sasan K. Goodarzi,1983.0,160.71 Billion USD,INTUIT
83,,"58,390",China,Wang Xing,2010.0,160.51 Billion USD,MEITUAN DIANPING
84,,"85,301",Canada,David I. McKay,1864.0,159.75 Billion USD,ROYAL BANK OF CANADA
85,,"15,500",USA,Lisa Su,1969.0,159.41 Billion USD,ADVANCED MICRO DEVICES (AMD)
86,,"109,700",Japan,Kenichiro Yoshida,1946.0,156.01 Billion USD,SONY CORPORATION
87,,"69,900",USA,Jacek Olczak,1847.0,154.34 Billion USD,PHILIP MORRIS INTERNATIONAL
88,,"362,000",China,Ma Mingzhe,1988.0,150.12 Billion USD,PING AN INSURANCE (GROUP) COMPANY OF CHINA
89,,"99,000",USA,Darius Adamczyk,1906.0,148.53 Billion USD,HONEYWELL INTERNATIONAL
90,,"89,464",Canada,Bharat Masrani,1955.0,144.32 Billion USD,TORONTO-DOMINION BANK
91,,"476,223",China,Wang Dongjin,1999.0,143.70 Billion USD,PETROCHINA COMPANY
92,,"128,339",France,Pietro Beccari,1946.0,143.38 Billion USD,CHRISTIAN DIOR
93,2015.0,"7,000",Canada,Tobias Lutke,2004.0,143.34 Billion USD,SHOPIFY
94,,"8,380",Japan,Yu Nakata,1974.0,142.42 Billion USD,KEYENCE CORPORATION
95,,"90,000",Ireland,Geoffrey S. Martha,1949.0,141.39 Billion USD,MEDTRONIC
96,,"32,200",USA,Giovanni Caforio,1887.0,139.46 Billion USD,BRISTOL-MYERS SQUIBB COMPANY
97,,"303,000",Germany,Roland Busch,1847.0,138.71 Billion USD,SIEMENS
98,,"105,476",France,Patrick Pouyanne,1924.0,138.01 Billion USD,TOTALENERGIES SE
99,,"295,000",USA,Karen S. Lynch,1996.0,137.54 Billion USD,CVS HEALTH CORPORATION
100,,"149,000",Netherlands,Alan Jope,1929.0,137.22 Billion USD,UNILEVER GROUP
101,,"75,000",USA,Mike Sievert,1994.0,137.07 Billion USD,T-MOBILE US
102,,"306,322",China,Gao Yingxin,1912.0,135.64 Billion USD,BANK OF CHINA
103,1999.0,"16,500",USA,Larry Fink,1988.0,135.55 Billion USD,BLACKROCK
104,,"500,000",Germany,,,,SCHWARZ GROUP
105,,"174,000",USA,Gregory Hayes,1934.0,135.37 Billion USD,RAYTHEON TECHNOLOGIES CORPORATION
106,,"64,000",USA,Stephen Squeri,1850.0,135.07 Billion USD,AMERICAN EXPRESS COMPANY
107,,"662,575",Germany,Herbert Diess,1937.0,134.25 Billion USD,VOLKSWAGEN
108,1972.0,"27,000",USA,Gary E. Dickerson,1967.0,134.00 Billion USD,APPLIED MATERIALS
109,,"223,448",UK,Noel Quinn,1865.0,132.94 Billion USD,HSBC HOLDINGS
110,1999.0,"43,900",USA,David M. Solomon,1869.0,132.60 Billion USD,THE GOLDMAN SACHS GROUP
111,,"26,348",China,Chen Lin,1998.0,132.39 Billion USD,WULIANGYE YIBIN
112,,"223,400",USA,Jane Fraser,1998.0,130.53 Billion USD,CITI GROUP
113,,"454,332",China,Li Yue,1997.0,130.51 Billion USD,CHINA MOBILE
114,1983.0,"24,200",USA,Robert A. Bradway,1980.0,128.03 Billion USD,AMGEN
115,,,USA,Susan Wojcicki,2005.0,,YOUTUBE
116,1995.0,"62,000",USA,Fabrizio Freda,1946.0,127.76 Billion USD,ESTEE LAUDER COMPANIES
117,,"141,014",USA,Dave Calhoun,1916.0,126.65 Billion USD,BOEING COMPANY
118,,"95,442",France,Paul Hudson,1973.0,126.37 Billion USD,SANOFI
119,1992.0,"383,000",USA,Laxman Narasimhan,1971.0,126.20 Billion USD,STARBUCKS CORPORATION
120,,"49,245",Australia,Matt Comyn,1911.0,125.77 Billion USD,COMMONWEALTH BANK OF AUSTRALIA
121,,"23,000",Hong Kong,Lee Yuan Siong,1919.0,125.62 Billion USD,AIA GROUP
122,,"28,025",UK,Ivan Menezes,1997.0,123.29 Billion USD,DIAGEO
123,,"5,618",USA,Tom Bartlett,1995.0,121.40 Billion USD,AMERICAN TOWER CORPORATION (REIT)
124,,"107,700",USA,Jim Umpleby,1925.0,121.27 Billion USD,CATERPILLAR
125,,"375,300",USA,Arvind Krishna,1911.0,120.85 Billion USD,IBM
126,2002.0,"49,000",UK,Jakob Stausholm,1873.0,116.98 Billion USD,RIO TINTO GROUP
127,,"75,600",USA,John C. May,1837.0,116.40 Billion USD,DEERE & COMPANY
128,2000.0,"9,793",USA,Gary S Guthart,1995.0,115.85 Billion USD,INTUITIVE SURGICAL
129,,"161,027",India,Sashidhar Jagdishan,1994.0,114.33 Billion USD,HDFC BANK
130,,"2,053",USA,Hamid Moghadam,1983.0,113.66 Billion USD,PROLOGIS
131,2012.0,"16,881",USA,Bill McDermott,2003.0,112.71 Billion USD,SERVICENOW
132,,"168,000",USA,H. Lawrence Culp Jr,1892.0,111.35 Billion USD,GENERAL ELECTRIC COMPANY
133,,"409,000",USA,Brian Cornell,1902.0,110.57 Billion USD,TARGET CORPORATION
134,,"99,000",UK,Dame Emma Walmsley,2000.0,110.32 Billion USD,GLAXOSMITHKLINE
135,2003.0,"104,160",China,Dairen Lin,1949.0,109.77 Billion USD,CHINA LIFE INSURANCE COMPANY
136,,"164,000",Belgium,Michel Doukeris,2008.0,109.50 Billion USD,ANHEUSER-BUSCH INBEV
137,,"93,700",USA,Thomas M. Rutledge,1993.0,109.45 Billion USD,CHARTER COMMUNICATIONS
138,,"473,800",Russia,Alexey Miller,1989.0,108.15 Billion USD,GAZPROM
139,,"22,850",USA,Douglas L. Peterson,1917.0,107.67 Billion USD,S&P GLOBAL
140,,"166,025",France,Jean-Pascal Tricoire,1836.0,107.12 Billion USD,SCHNEIDER ELECTRIC
141,,"26,037",USA,,1979.0,,INGRAM MICRO
142,,"18,800",USA,,,,VANGUARD GROUP
143,,"10,100",USA,Ryan Lance,1875.0,106.36 Billion USD,CONOCOPHILLIPS COMPANY
144,2014.0,"314,906",China,Liu Qiangdong,1998.0,106.00 Billion USD,JD.COM
145,,"43,000",USA,Sanjay Mehrotra,1978.0,105.80 Billion USD,MICRON TECHNOLOGY
146,,"63,900",USA,Gail Koziara Boudreaux,2004.0,105.58 Billion USD,ANTHEM
147,2020.0,"6,132",USA,Brian Chesky,2008.0,105.51 Billion USD,AIRBNB
148,,"125,888",Netherlands,Guillaume Faury,1970.0,105.09 Billion USD,AIRBUS
149,,"122,000",USA,,,,KOCH INDUSTRIES
150,,"60,000",China,,2012.0,,BYTEDANCE
151,2017.0,"33,800",Singapore,Forrest Li,2009.0,104.35 Billion USD,SEA LIMITED
152,,"95,000",USA,Mike Roman,1902.0,103.70 Billion USD,3M COMPANY
153,,"150,269",Germany,Oliver Bate,1890.0,103.28 Billion USD,ALLIANZ SE
154,,"345,218",India,Salil Parekh,1981.0,102.72 Billion USD,INFOSYS
155,,"58,408",Germany,Belen Garijo,1668.0,102.50 Billion USD,MERCK KGAA O.N.
156,,"303,350",Japan,Jun Sawada,1952.0,101.57 Billion USD,NIPPON TELEGRAPH AND TELEPHONE CORPORATION
157,,"27,558",Japan,Motoyuki Ii,1991.0,101.26 Billion USD,NTT DOCOMO
158,,"38,553",France,Francois-Henri Pinault,1963.0,101.13 Billion USD,KERING
159,,"56,000",USA,Carlos A. Rodriguez,1961.0,100.64 Billion USD,AUTOMATIC DATA PROCESSING (ADP)
160,,"19,400",USA,Glenn D. Fogel,1996.0,99.97 Billion USD,BOOKING HOLDINGS
161,2013.0,"12,100",USA,JUAN RAMÓN ALAIX,1952.0,99.87 Billion USD,ZOETIS
162,,"43,000",USA,Kevin A. Lobo,1941.0,99.43 Billion USD,STRYKER CORPORATION
163,,"114,000",USA,James D. Taiclet,1995.0,99.32 Billion USD,LOCKHEED MARTIN CORPORATION
164,,"144,116",Spain,Pablo Isla,1985.0,98.66 Billion USD,INDITEX (INDUSTRIA DE DISENO TEXTIL)
165,,"183,000",USA,Jim Farley,1903.0,97.67 Billion USD,FORD MOTOR COMPANY
166,,"60,000",UK,Bernard Looney,1909.0,97.62 Billion USD,BP P.L.C.
167,,"25,000",Australia,Paul Perreault,1916.0,97.07 Billion USD,CSL
168,,"13,716",Saudi Arabia,Waleed A. Al-Mogbel,1957.0,94.93 Billion USD,AL RAJHI BANKING AND INVESTMENT CORPORATION
169,,"400,000",Germany,,,,ROBERT BOSCH
170,,"59,426",USA,William S. Demchak,1845.0,94.56 Billion USD,THE PNC FINANCIAL SERVICES GROUP
171,,"32,721",Saudi Arabia,Yousef Al-Benyan,1976.0,94.40 Billion USD,SAUDI BASIC INDUSTRIES CORPORATION (SABIC)
172,1984.0,"14,100",USA,Timothy M. Archer,1980.0,94.24 Billion USD,LAM RESEARCH CORPORATION
173,,"79,000",USA,Dirk Van de Put,2012.0,94.23 Billion USD,MONDELEZ INTERNATIONAL
174,,"224,300",China,,1995.0,92.26 Billion USD,BYD COMPANY
175,,"226,291",Germany,Timotheus Hottges,1995.0,92.03 Billion USD,DEUTSCHE TELEKOM AG
176,2020.0,"2,495",USA,Frank Slootman,2012.0,91.79 Billion USD,SNOWFLAKE
177,,"6,000",USA,Billy Gifford,1985.0,91.43 Billion USD,ALTRIA GROUP
178,,"90,640",Germany,Markus Duesmann,1909.0,82.15 Billion USD,AUDI AG
179,,"300,000",UK,Anders Dons,,,DELOITTE
180,,"190,000",France,Jean-Laurent Bonnafe,1848.0,90.46 Billion USD,BNP PARIBAS
181,,"68,796",USA,Andrew Cecere,1968.0,90.45 Billion USD,U.S. BANCORP
182,2010.0,"157,000",USA,Mary Barra,1908.0,90.41 Billion USD,GENERAL MOTORS COMPANY
183,,"155,000",USA,,,,CARGILL
184,,"49,370",Japan,Hisayuki Idekoba,1960.0,90.24 Billion USD,RECRUIT HOLDINGS
185,,"152,000",Canada,Bruce Flatt,1899.0,89.97 Billion USD,BROOKFIELD ASSET MANAGEMENT
186,,"21,245",Norway,Anders Opedal,1972.0,89.92 Billion USD,EQUINOR ASA
187,,"55,000",UK,Jack Bowles,1902.0,89.47 Billion USD,BRITISH AMERICAN TOBACCO
188,,"288,481",Germany,Ola Kallenius,1998.0,89.41 Billion USD,MERCEDEC BENZ GROUP AG
189,1992.0,"14,400",USA,Daniel O'Day,1987.0,89.39 Billion USD,GILEAD SCIENCES
190,,"151,017",France,Francesco Milleri,2018.0,89.05 Billion USD,ESSILOR LUXOTTICA
191,,"320,000",USA,Ernie Herrman,1987.0,88.73 Billion USD,THE TJX COMPANIES
192,,"24,700",USA,Vincent Roche,1965.0,88.70 Billion USD,ANALOG DEVICES
193,,"89,488",Canada,Brian J. Porter,1832.0,87.96 Billion USD,BANK OF NOVA SCOTIA
194,,"14,479",Japan,Toshiki Kawai,1963.0,87.40 Billion USD,TOKYO ELECTRON LIMITED
195,,"22,604",Canada,TRACY ROBINSON,1918.0,87.20 Billion USD,CANADIAN NATIONAL RAILWAY COMPANY
196,,"52,641",USA,William H. “Bill” Rogers Jr,1872.0,86.77 Billion USD,TRUIST FINANCIAL CORPORATION
197,2018.0,"1,800",USA,Stephane Bancel,2010.0,86.71 Billion USD,MODERNA
198,,"31,000",Switzerland,Evan G. Greenberg,1985.0,86.66 Billion USD,CHUBB
199,,"271,025",USA,Jamie Dimon,2000.0,494.00 Billion USD,J P MORGAN CHASE & CO
200,,"149,239",China,Paul Fang,1968.0,85.14 Billion USD,MIDEA GROUP
201,,"61,626",USA,John G. Morikis,1866.0,84.75 Billion USD,SHERWIN-WILLIAMS COMPANY
202,,"295,371",UK,,,,PRICEWATERHOUSECOOPERS
203,,"34,760",Switzerland,Jerome Lambert,1988.0,84.50 Billion USD,COMPAGNIE FINANCIERE RICHEMONT SA
204,,"67,000",France,Francois Jackow,1902.0,84.26 Billion USD,AIR LIQUIDE
205,,"5,000",USA,Jay A. Brown,1994.0,84.16 Billion USD,CROWN CASTLE INTERNATIONAL CORPORATION
206,,"285,555",Russia,Herman Gref,1991.0,83.76 Billion USD,SBERBANK OF RUSSIA
207,,"20,919",USA,James M. Foote,1980.0,83.20 Billion USD,CSX CORPORATION
208,2007.0,"3,795",USA,Stephen A. Schwarzman,1985.0,82.93 Billion USD,BLACKSTONE GROUP
209,2013.0,"17,400",Ireland,Brenton L. Saunders,2013.0,62.84 Billion USD,ALLERGAN
210,,"81,000",USA,Daniel S. Glaser,1905.0,82.71 Billion USD,MARSH & MCLENNAN COMPANIES
211,,"232,000",USA,,,,PUBLIX
212,,"11,200",Canada,Al Monaco,1949.0,82.22 Billion USD,ENBRIDGE
213,,"58,786",Japan,Masayoshi Son,1981.0,81.22 Billion USD,SOFTBANK GROUP
214,,"52,000",Germany,Bernd Montag,2015.0,81.18 Billion USD,SIEMENS HEALTHINEERS AG
215,2002.0,"4,370",USA,Terrence A. Duffy,2007.0,80.88 Billion USD,CME GROUP
216,2019.0,"29,300",USA,Dara Khosrowshahi,2009.0,80.53 Billion USD,UBER TECHNOLOGIES
217,,"27,605",USA,Lynn Good,1904.0,80.40 Billion USD,DUKE ENERGY CORPORATION
218,,"13,334",Saudi Arabia,Faisal Omar al-Sakkaf,1953.0,79.84 Billion USD,NATIONAL COMMERCIAL BANK
219,,"114,000",India,,,,LIFE INSURANCE CORPORATION OF INDIA
220,,"66,438",Italy,Francesco Starace,1962.0,79.77 Billion USD,ENEL
221,,"194,527",China,Lv Jiajin,2007.0,79.13 Billion USD,PSBC (POSTAL SAVINGS BANK OF CHINA)
222,,"4,077",China,Lei Mingshan,2002.0,78.97 Billion USD,CHINA YANGTZE POWER
223,,"132,700",Japan,Hironori Kamezawa,2005.0,78.84 Billion USD,MITSUBISHI UFJ FINANCIAL GROUP
224,,"571,974",Germany,Frank Appel,1995.0,78.47 Billion USD,DEUTSCHE POST AG
225,,,India,,,,RELIANCE JIO
226,2011.0,"235,000",USA,Samuel N. Hazen,1968.0,78.44 Billion USD,HCA HEALTHCARE
227,,"40,000",Sweden,Mats Rahmstrom,1873.0,78.38 Billion USD,ATLAS COPCO AB
228,,"384,065",China,,2000.0,77.72 Billion USD,CHINA PETROLEUM & CHEMICAL CORPORATION (SINOPEC)
229,,"20,054",Sweden,Johan Forssell,1916.0,77.33 Billion USD,INVESTOR AB (PUBL)
230,,"73,800",USA,David Cordani,1982.0,77.28 Billion USD,CIGNA CORPORATION
231,,"45,000",USA,Ernest Scott Santi,1912.0,77.26 Billion USD,ILLINOIS TOOL WORKS
232,2015.0,"6,433",Australia,Mike Cannon-Brookes,2002.0,76.76 Billion USD,ATLASSIAN CORPORATION
233,,"15,700",USA,Michael A Mussallem,1958.0,76.36 Billion USD,EDWARDS LIFESCIENCES CORPORATION
234,,"21,000",India,Sanjiv Mehta,1933.0,76.09 Billion USD,HINDUSTAN UNILEVER
235,2021.0,"7,000",USA,RJ Scaringe,2009.0,76.22 Billion USD,RIVIAN AUTOMOTIVE INC
236,,"105,000",Switzerland,Bjorn Rosengren,1988.0,76.04 Billion USD,ABB
237,,"315,000",Russia,Igor Sechin,1993.0,75.45 Billion USD,ROSNEFT OIL COMPANY
238,,"1,750",Netherlands,Pieter van der,2006.0,75.41 Billion USD,ADYEN
239,2005.0,"8,858",USA,Jeffrey C. Sprecher,2000.0,75.07 Billion USD,INTERCONTINENTAL EXCHANGE
240,,"96,595",France,Thomas Buberl,1816.0,74.59 Billion USD,AXA
241,,"43,863",Canada,Darryl White,1817.0,73.37 Billion USD,BANK OF MONTREAL
242,,"130,170",India,Sandeep Bakhshi,1994.0,73.33 Billion USD,ICICI BANK
243,,"2,372",Hong Kong,Nicolas Aguzin,2000.0,73.04 Billion USD,HONG KONG EXCHANGES AND CLEARING (HKEX)
244,,"42,685",China,Hongjia Gong,2001.0,72.96 Billion USD,HANGZHOU HIKVISION DIGITAL TECHNOLOGY
245,,"29,008",South Korea,Lee Seok-Hee,1983.0,72.83 Billion USD,SK HYNIX
246,,"27,300",USA,Thomas A. Fanning,1945.0,72.75 Billion USD,THE SOUTHERN COMPANY
247,,"75,000",USA,Thomas Polen,1897.0,72.44 Billion USD,BECTON DICKINSON AND COMPANY
248,,"18,100",USA,James A. Squires,1982.0,72.23 Billion USD,NORFOLK SOUTHERN CORPORATION
249,,"6,058",China,Pang Kang,1955.0,72.14 Billion USD,FOSHAN HAITIAN FLAVOURING AND FOOD COMPANY
250,,"45,000",Spain,Jose Ignacio Sanchez Galan,1992.0,72.10 Billion USD,IBERDROLA
251,1986.0,"44,000",USA,Frank Bisignano,1984.0,71.85 Billion USD,FISERV
252,,"74,316",Brazil,Eduardo Bartolomeo,1942.0,71.75 Billion USD,VALE SA
253,,"65,000",USA,Gary A. Norcross,1968.0,71.64 Billion USD,FIDELITY NATIONAL INFORMATION SERVICES
254,,"24,069",Japan,Yasuhiko Saito,1926.0,71.31 Billion USD,SHIN-ETSU CHEMICAL
255,,"19,789",France,Bernard Charles,1981.0,71.22 Billion USD,DASSAULT SYSTEMES
256,,"33,800",USA,Noel R. Wallace,1806.0,71.17 Billion USD,COLGATE-PALMOLIVE COMPANY
257,,"134,878",Switzerland,Gary Nagle,1974.0,70.87 Billion USD,GLENCORE
258,,"120,726",Germany,,1916.0,70.51 Billion USD,BAYERISCHE MOTOREN WERKE (BMW)
259,,"11,834",Canada,Keith Creel,1881.0,70.40 Billion USD,CANADIAN PACIFIC RAILWAY
260,,"312,250",UK,,,,ERNST & YOUNG
261,2000.0,"5,633",Bermuda,Matthew Murphy,1995.0,70.13 Billion USD,MARVELL TECHNOLOGY GROUP
262,2018.0,"7,986",China,Colin Huang Zheng,2015.0,70.06 Billion USD,PINDUODUO
263,,"289,000",USA,Raj Subramaniam,1971.0,69.95 Billion USD,FEDEX CORPORATION
264,2000.0,"10,944",USA,Charles J. Meyers,1998.0,69.78 Billion USD,EQUINIX
265,,"16,821",Russia,Leonid Viktorovich Mikhelson,1994.0,69.39 Billion USD,NOVATEK
266,,"13,023",USA,Rob Fauber,1909.0,69.23 Billion USD,MOODY'S CORPORATION
267,,"2,000",USA,,2007.0,69.12 Billion USD,"LUCID GROUP, INC."
268,,"34,944",Australia,Ross McEwan,1981.0,69.04 Billion USD,NATIONAL AUSTRALIA BANK
269,,"110,302",Germany,,1865.0,68.99 Billion USD,BASF SE
270,,"80,000",Denmark,Soren Skou,1904.0,68.83 Billion USD,A.P. MOLLER - MAERSK A/S
271,,"49,050",Brazil,Roberto Castello Branco,1953.0,68.81 Billion USD,PETROLEO BRASILEIRO - PETROBRAS
272,,"25,000",Germany,,,,ALDI
273,,"47,320",Japan,Takashi Tanaka,1984.0,68.13 Billion USD,KDDI CORPORATION
274,,"32,873",China,,2000.0,68.09 Billion USD,LONGI GREEN ENERGY TECHNOLOGY
275,,"52,930",Switzerland,Mario Greco,1872.0,67.91 Billion USD,ZURICH INSURANCE GROUP AG
276,,"48,500",USA,James C. Fish Jr,1968.0,67.67 Billion USD,WASTE MANAGEMENT
277,,,China,,1996.0,66.97 Billion USD,NONGFU SPRING
278,,"85,947",Ireland,Craig Arnold,1911.0,66.91 Billion USD,EATON CORPORATION
279,,"28,239",China,Ding Lei,1997.0,66.90 Billion USD,NETEASE
280,,"168,391",Japan,Koji Arima,1949.0,66.75 Billion USD,DENSO CORPORATION
281,2014.0,"71,551",Switzerland,Ralph Hamers,1998.0,66.67 Billion USD,UBS GROUP AG
282,2017.0,"5,661",USA,Evan Spiegel,2011.0,66.58 Billion USD,SNAP INC
283,,"60,500",China,"Doyle Mitchell, Jr.",1988.0,66.41 Billion USD,INDUSTRIAL BANK
284,,"186,851",Mexico,Daniel Hajj Aboumrad,2000.0,66.20 Billion USD,AMERICA MOVIL
285,,"26,123",Indonesia,Jahja Setiaatmadja,1957.0,66.01 Billion USD,PT BANK CENTRAL ASIA TBK
286,,"20,875",USA,Seifi Ghasemi,1940.0,65.93 Billion USD,AIR PRODUCTS AND CHEMICALS
287,,"47,000",USA,Christophe Beck,1923.0,65.87 Billion USD,ECOLAB
288,1994.0,"50,800",USA,Richard Fairbank,1994.0,65.84 Billion USD,CAPITAL ONE FINANCIAL CORPORATION
289,,"117,356",Japan,Jun Seki,1973.0,65.39 Billion USD,NIDEC CORPORATION
290,,"80,369",Japan,Masanori Togawa,1924.0,65.36 Billion USD,DAIKIN INDUSTRIES
291,2015.0,"8,521",USA,Jack Dorsey,2009.0,65.29 Billion USD,BLOCK INC
292,,"29,000",Singapore,Piyush Gupta,1968.0,65.12 Billion USD,DBS GROUP HOLDINGS
293,,55,USA,,2009.0,,WHATSAPP
294,,"76,182",China,Yang Jiping,1995.0,64.99 Billion USD,CHINA SHENHUA ENERGY COMPANY
295,,"17,100",USA,Robert M. Blue,1983.0,64.96 Billion USD,DOMINION ENERGY
296,1991.0,"10,368",USA,Leonard Schleifer,1988.0,64.93 Billion USD,REGENERON PHARMACEUTICALS
297,,"189,512",Netherlands,Carlos Tavares,2021.0,64.80 Billion USD,STELLANTIS N.V
298,,"49,000",USA,Tricia Griffith,1937.0,63.81 Billion USD,PROGRESSIVE CORPORATION
299,,"10,780",China,,1954.0,63.57 Billion USD,CHINA TOURISM GROUP DUTY FREE CORPORATION LIMITED
300,,"17,377",Taiwan,Rick Tsai,1997.0,63.35 Billion USD,MEDIATEK
301,1980.0,"11,550",USA,Richard P. Wallace,1997.0,63.21 Billion USD,KLA CORPORATION
302,,"88,000",USA,Kathy Warden,1994.0,63.00 Billion USD,NORTHROP GRUMMAN CORPORATION
303,2015.0,"4,556",Italy,BENEDETTO VIGNA,1947.0,62.96 Billion USD,FERRARI
304,,"239,000",Mexico,Guilherme Loureiro,1952.0,62.57 Billion USD,WAL-MART DE MEXICO
305,,"12,500",USA,Chano Fernandez,2005.0,62.56 Billion USD,WORKDAY
306,,"9,819",China,,1991.0,62.48 Billion USD,SHENZHEN MINDRAY BIO-MEDICAL ELECTRONICS
307,,"5,800",USA,Joseph D. Russell Jr,1972.0,62.41 Billion USD,PUBLIC STORAGE
308,,"3,226",India,Sashidhar Jagdishan,1994.0,62.40 Billion USD,HDFC
309,,"50,000",USA,Gregory C. Case,1982.0,62.31 Billion USD,AON
310,,"43,000",UK,Laxman Narasimhan,1823.0,62.30 Billion USD,RECKITT BENCKISER GROUP
311,,"26,969",India,Sanjiv Bajaj,2007.0,61.95 Billion USD,BAJAJ FINANCE
312,,"24,700",USA,Richard Adkerson,1988.0,61.50 Billion USD,FREEPORT-MCMORAN
313,,"191,189",Spain,Jose Antonio Alvarez,1857.0,61.03 Billion USD,BANCO SANTANDER
314,2021.0,"3,730",USA,Brian Armstrong,2012.0,60.85 Billion USD,"COINBASE GLOBAL, INC"
315,,"95,850",Sweden,Martin Lundstedt,1927.0,60.85 Billion USD,AB VOLVO
316,,"217,731",France,Xavier Huillard,1899.0,60.65 Billion USD,VINCI
317,,"18,500",France,Alexandre Ricard,1975.0,60.06 Billion USD,PERNOD RICARD
318,,"41,000",USA,Michael F. Mahoney,1979.0,60.01 Billion USD,BOSTON SCIENTIFIC CORPORATION
319,,"17,000",Saudi Arabia,Olayan M. Alwetaid,1998.0,59.86 Billion USD,SAUDI TELECOM COMPANY (STC)
320,,"90,000",UK,DUNCAN WANBLAD,1917.0,59.39 Billion USD,ANGLO AMERICAN
321,,"50,288",Germany,Reinhard Ploss,1999.0,59.35 Billion USD,INFINEON TECHNOLOGIES AG
322,,"101,000",Russia,Vagit Alekperov,1991.0,59.25 Billion USD,PJSC LUKOIL
323,,"47,313",Japan,Masayoshi Son,1981.0,59.24 Billion USD,SOFTBANK CORP.
324,,"103,100",USA,Phebe Novakovic,1952.0,59.22 Billion USD,GENERAL DYNAMICS CORPORATION
325,,"2,700",Australia,Peter Kenneth Allen,2014.0,59.07 Billion USD,SCENTRE GROUP
326,2010.0,"31,000",Netherlands,"Kurt Sievers
Richard L. Clemmer",2006.0,58.86 Billion USD,NXP SEMICONDUCTORS
327,,"245,642",India,Vinay M Tonse,1955.0,58.77 Billion USD,STATE BANK OF INDIA
328,2015.0,"33,500",UK,Erik Engstrom,1993.0,58.74 Billion USD,RELX
329,,"33,427",China,Lei Jun,2010.0,58.45 Billion USD,XIAOMI CORPORATION
330,,"17,209",Australia,Shemara Wikramanayake,1969.0,116.67 Billion USD,MACQUARIE GROUP
331,2000.0,"7,800",USA,Francis deSouza,1998.0,57.89 Billion USD,ILLUMINA
332,,"11,500",USA,Andrew Anagnost,1982.0,57.70 Billion USD,AUTODESK
333,,"16,218",Switzerland,Pierre-Alain Ruffieux,1897.0,57.62 Billion USD,LONZA GROUP
334,,"37,506",Australia,Shayne Elliott,1835.0,57.48 Billion USD,ANZ BANKING GROUP
335,,"2,800",USA,Ezra Yacob,1999.0,57.43 Billion USD,EOG RESOURCES
336,2002.0,"281,192",China,Jie Yang,1995.0,57.14 Billion USD,CHINA TELECOM CORPORATION
337,,"40,143",Australia,Peter King,1982.0,57.03 Billion USD,WESTPAC BANKING CORPORATION
338,,"86,700",USA,Lal Karsanbhai,1890.0,57.00 Billion USD,EMERSON ELECTRIC COMPANY
339,2000.0,"43,000",USA,Michel A. Khalaf,1868.0,56.58 Billion USD,METLIFE
340,1991.0,"3,900",USA,Reshma Kewalramani,1989.0,56.41 Billion USD,VERTEX PHARMACEUTICALS
341,,"9,276",China,,1949.0,56.40 Billion USD,SHANXI XINGHUACUN FEN WINE FACTORY
342,1997.0,"57,000",Netherlands,Steven van Rijswijk,1991.0,56.18 Billion USD,ING GROUP
343,,"380,714",Japan,Toshiaki Higashihara,1910.0,56.15 Billion USD,HITACHI
344,,"14,100",Germany,Rolf Habben Jansen,1970.0,56.00 Billion USD,HAPAG-LLOYD
345,,"45,282",Canada,Victor G. Dodig,1961.0,55.94 Billion USD,CANADIAN IMPERIAL BANK OF COMMERCE
346,,"101,000",USA,George Oliver,1885.0,55.83 Billion USD,JOHNSON CONTROLS INTERNATIONAL
347,,,China,,2005.0,55.66 Billion USD,"YIHAI KERRY ARAWANA HOLDINGS CO., LTD"
348,,"9,709",Canada,Tim S McKay,1973.0,55.65 Billion USD,CANADIAN NATURAL RESOURCES
349,,"2,980",Austria,Michael Strugl,1947.0,55.64 Billion USD,VERBUND AG
350,,"24,848",Switzerland,Paul Schuler,1910.0,55.61 Billion USD,SIKA AG
351,,"31,518",USA,Christopher M. Crane,2000.0,55.41 Billion USD,EXELON CORPORATION
352,,,Russia,,1996.0,55.25 Billion USD,OPEN JOINT STOCK COMPANY OMZ
353,2009.0,"158,000",USA,Todd J Vasos,1939.0,55.21 Billion USD,DOLLAR GENERAL CORPORATION
354,,"5,451",UAE,Hana Al Rostamani,2017.0,55.05 Billion USD,FIRST ABU DHABI BANK
355,,"5,300",USA,Stefan Bird,1910.0,55.00 Billion USD,PACIFICORP
356,,"45,000",Canada,Steve Hasker,2008.0,54.85 Billion USD,THOMSON REUTERS CORPORATION
357,,"62,285",Germany,Kasper Rorsted,1924.0,54.84 Billion USD,ADIDAS
358,,"4,553",China,,2004.0,54.82 Billion USD,EAST MONEY INFORMATION
359,2007.0,"15,500",Argentina,Stelleo Passos Tolda,1999.0,54.77 Billion USD,MERCADOLIBRE
360,,"6,574",Japan,Shuntaro Furukawa,1889.0,54.63 Billion USD,NINTENDO
361,,"99,538",Germany,Werner Baumann,1863.0,54.46 Billion USD,BAYER
362,,"76,800",France,Olivier Andries,2005.0,54.38 Billion USD,SAFRAN
363,,"3,228",China,,1573.0,54.32 Billion USD,LUZHOU LAOJIAO
364,,"120,000",USA,Anthony Capuano,1927.0,54.28 Billion USD,MARRIOTT INTERNATIONAL
365,,"231,671",India,Thierry Delaporte,1945.0,54.26 Billion USD,WIPRO
366,,"105,615",Italy,Carlo Messina,2007.0,53.95 Billion USD,INTESA SANPAOLO
367,,"63,174",China,,1984.0,53.66 Billion USD,GREAT WALL MOTOR COMPANY
368,,"57,727",Japan,Tadashi Yanai,1963.0,53.64 Billion USD,FAST RETAILING
369,,"24,158",UK,David Schwimmer,2007.0,53.54 Billion USD,LONDON STOCK EXCHANGE GROUP
370,,"601,276",Taiwan,Yang-wei Liu,1974.0,53.43 Billion USD,HON HAI PRECISION INDUSTRY
371,2005.0,"41,000",China,Robin Li,2000.0,53.37 Billion USD,BAIDU
372,,"7,664",Japan,Tatsuro Kosaka,1943.0,53.00 Billion USD,CHUGAI PHARMACEUTICAL
373,,"3,300",USA,David Simon,1993.0,53.00 Billion USD,SIMON PROPERTY GROUP
374,,"27,500",USA,Robert Gamgort,1981.0,52.89 Billion USD,KEURIG DR PEPPER
375,,"121,925",China,,1993.0,52.74 Billion USD,S.F. HOLDING
376,,"211,000",USA,,,,IKEA
377,,"56,000",Denmark,Jens Bjorn Andersen,1976.0,52.51 Billion USD,DSV PANALPINA
378,,"38,600",China,XIE Yonglin,1995.0,52.30 Billion USD,PING AN BANK
379,,"23,683",UK,John Pettigrew,1990.0,52.12 Billion USD,NATIONAL GRID TRANSCO
380,2012.0,"10,473",USA,Nikesh Arora,2005.0,51.85 Billion USD,PALO ALTO NETWORKS
381,,"89,000",Switzerland,Terrence Curtin,2007.0,51.74 Billion USD,TE CONNECTIVITY
382,,"31,495",Italy,Claudio Descalzi,1953.0,51.73 Billion USD,ENI S.P.A.
383,,"137,284",China,,2004.0,51.65 Billion USD,LUXSHARE PRECISION INDUSTRY
384,,"17,917",India,Gopal Vittal,1995.0,51.52 Billion USD,BHARTI AIRTEL
385,,"49,100",USA,Thomas P Gibbons,2007.0,51.47 Billion USD,THE BANK OF NEW YORK MELLON CORPORATION
386,2009.0,"9,700",USA,Ken Xie,2000.0,51.45 Billion USD,FORTINET
387,,"1,941",Germany,,2008.0,51.38 Billion USD,BIONTECH SE
388,,"37,245",Japan,Hiroshi Suzuki,1941.0,51.22 Billion USD,HOYA CORPORATION
389,,"28,000",Qatar,Abdulla Mubarak Al-Khalifa,1964.0,51.15 Billion USD,QATAR NATIONAL BANK
390,,"6,269",USA,Eric Yuan,2011.0,51.14 Billion USD,ZOOM VIDEO COMMUNICATIONS
391,,"7,130",USA,A. James Teague,1968.0,51.06 Billion USD,ENTERPRISE PRODUCTS PARTNERS
392,,"87,828",China,Deqi Ren,1908.0,51.06 Billion USD,BANK OF COMMUNICATIONS
393,,"24,431",China,,1997.0,51.00 Billion USD,JIANGSU HENGRUI MEDICINE
394,,"61,576",UK,Charlie Nunn,2009.0,51.00 Billion USD,LLOYDS BANKING GROUP
395,,"211,374",Japan,Toshihiro Mibe,1946.0,50.89 Billion USD,HONDA MOTOR
396,,"75,184",Japan,Tsuneo Murata,1944.0,50.87 Billion USD,MURATA MANUFACTURING
397,1992.0,"16,361",USA,Chi-Foon Chan,1986.0,50.69 Billion USD,SYNOPSYS
398,,"15,392",China,,1998.0,50.60 Billion USD,WANHUA CHEMICAL GROUP
399,2007.0,"34,000",USA,Rangarajan Raghuram,1998.0,50.55 Billion USD,VMWARE
400,,"8,034",Japan,Toshio Kagami,1960.0,50.54 Billion USD,ORIENTAL LAND
401,,"71,000",India,Uday Kotak,2003.0,50.49 Billion USD,KOTAK MAHINDRA BANK
402,,"36,600",USA,Peter Zaffino,1919.0,50.43 Billion USD,AMERICAN INTERNATIONAL GROUP (AIG)
403,1996.0,"16,000",UK,Lance Uggla,1959.0,50.25 Billion USD,IHS MARKIT
404,,"33,305",China,,2000.0,50.14 Billion USD,WUXI APPTEC
405,,"9,800",USA,Bobby Kotick,2008.0,49.88 Billion USD,ACTIVISION BLIZZARD
406,,"4,092",USA,Hilton Schlosberg,1935.0,49.77 Billion USD,MONSTER BEVERAGE CORPORATION
407,,,UAE,,,,FIRST GULF BANK
408,,"13,777",Mexico,Oscar Gonzalez Rocha,1952.0,49.75 Billion USD,SOUTHERN COPPER CORPORATION
409,,"28,051",Finland,"Frank Vang-Jensen
Casper von Koskull",2000.0,49.61 Billion USD,NORDEA BANK ABP
410,,"18,687",UK,Charles F. Lowrey,1848.0,49.34 Billion USD,PRUDENTIAL
411,,"86,800",Japan,Makoto Takashima,2002.0,49.24 Billion USD,SUMITOMO MITSUI FINANCIAL GROUP
412,2001.0,"18,703",China,Yang Hua,1999.0,49.17 Billion USD,CNOOC LIMITED
413,,"92,000",USA,Olivier Le Peuch,1926.0,49.13 Billion USD,SCHLUMBERGER
414,,"90,000",USA,Richard Adam Norwitt,1932.0,49.11 Billion USD,AMPHENOL CORPORATION
415,2013.0,"79,000",USA,Ari Bousbib,1982.0,49.08 Billion USD,IQVIA HOLDINGS
416,2021.0,"1,600",USA,David Baszucki,2004.0,48.84 Billion USD,ROBLOX CORP
417,,"11,380",China,,1995.0,48.79 Billion USD,CITIC SECURITIES COMPANY
418,1992.0,"18,400",USA,Neil Hunn,1981.0,48.67 Billion USD,ROPER TECHNOLOGIES
419,,"1,932",USA,Scott D. Sheffield,1997.0,48.60 Billion USD,PIONEER NATURAL RESOURCES COMPANY
420,,"45,000",USA,Michael D. Hsu,1872.0,48.40 Billion USD,KIMBERLY-CLARK CORPORATION
421,,710,Sweden,Christian Sinding,1994.0,48.28 Billion USD,EQT AB (PUBL)
422,1990.0,"4,891",USA,Victor Peng,1984.0,48.22 Billion USD,XILINX
423,,"82,997",Japan,Takehiko Kakiuchi,1950.0,48.17 Billion USD,MITSUBISHI CORPORATION
424,,"7,283",Canada,Francois Poirier,1951.0,47.88 Billion USD,TC ENERGY CORPORATION
425,,"402,000",Germany,,,,EDEKA GROUP
426,,"122,000",Australia,Rob Scott,1914.0,47.59 Billion USD,WESFARMERS
427,,"83,000",UK,C. S. Venkatakrishnan,1896.0,47.54 Billion USD,BARCLAYS PLC
428,,"52,100",Canada,Mirko Bibic,1983.0,47.39 Billion USD,BCE (Bell Canada Enterprises)
429,,"14,400",USA,Tom Palmer,1921.0,47.39 Billion USD,NEWMONT CORPORATION
430,,282,UK,Simon A Borrows,1945.0,47.30 Billion USD,3I GROUP
431,,"75,901",Russia,Vladimir Potanin,1993.0,47.23 Billion USD,MMC NORILSK NICKEL
432,,"210,966",India,C Vijayakumar,1976.0,46.93 Billion USD,HCL TECHNOLOGIES
433,,"6,429",Denmark,Mads Nipper,2006.0,46.81 Billion USD,ORSTED A/S
434,,"95,500",USA,Bruce D. Broussard,1961.0,46.68 Billion USD,HUMANA
435,1991.0,"10,350",USA,Jay Mazelsky,1983.0,46.66 Billion USD,IDEXX LABORATORIES
436,,"7,763",China,,2014.0,46.60 Billion USD,NIO INC
437,,"2,730",South Korea,John Rim,2011.0,46.57 Billion USD,SAMSUNG BIOLOGICS
438,,"277,000",USA,Rosalind Brewer,2014.0,46.52 Billion USD,WALGREENS BOOTS ALLIANCE
439,1983.0,"15,000",USA,Martin Mucci,1971.0,46.48 Billion USD,PAYCHEX
440,,"50,319",China,,1992.0,46.40 Billion USD,MUYUAN FOODS
441,,"73,037",France,Philippe Brassac,1894.0,46.25 Billion USD,CREDIT AGRICOLE
442,,"9,300",USA,Bill Newlands,1995.0,46.22 Billion USD,CONSTELLATION BRANDS
443,,"16,842",Switzerland,Gilles Andrier,1895.0,46.07 Billion USD,GIVAUDAN SA
444,,"9,300",USA,Anirudh Devgan,1988.0,46.01 Billion USD,CADENCE DESIGN SYSTEMS
445,1993.0,"83,636",USA,Gregory D. Johnson,1957.0,45.97 Billion USD,O'REILLY AUTOMOTIVE
446,,"7,600",India,Amit Syngle,1942.0,45.95 Billion USD,ASIAN PAINTS
447,2007.0,"25,000",Canada,,1998.0,45.93 Billion USD,LULULEMON ATHLETICA
448,,"9,500",USA,,2002.0,,SPACEX
449,,"7,802",USA,,2010.0,,STRIPE
450,1998.0,"330,600",USA,Brian Humphries,1994.0,45.92 Billion USD,COGNIZANT TECHNOLOGY SOLUTIONS
451,,"128,146",Japan,Masahiro Okafuji,1949.0,45.88 Billion USD,ITOCHU CORPORATION
452,2011.0,"151,000",Ireland,Kevin P. Clark,1994.0,45.84 Billion USD,APTIV
453,,"36,000",USA,Miguel Patricio,2015.0,45.72 Billion USD,KRAFT HEINZ COMPANY
454,2004.0,"3,030",USA,A. William Stein,2001.0,45.71 Billion USD,DIGITAL REALTY TRUST
455,2005.0,"7,000",USA,Kevin R. Sayer,1999.0,45.70 Billion USD,DEXCOM
456,,"4,303",USA,Henry A. Fernandez,1969.0,45.51 Billion USD,MSCI
457,2021.0,"50,000",South Korea,Bom Suk Kim,2010.0,45.49 Billion USD,"COUPANG, INC."
458,1993.0,"19,500",USA,Ganesh Moorthy,1989.0,45.46 Billion USD,MICROCHIP TECHNOLOGY
459,,"48,254",Switzerland,Jean-Marc Chery,1987.0,45.43 Billion USD,STMICROELECTRONICS
460,2020.0,"8,600",USA,Tony Xu,2013.0,45.38 Billion USD,DOORDASH
461,,"16,688",USA,Nick Akins,1906.0,45.07 Billion USD,AMERICAN ELECTRIC POWER COMPANY
462,,"10,164",Australia,Elizabeth Gaines,2003.0,45.03 Billion USD,FORTESCUE METALS GROUP
463,2006.0,"97,660",USA,Brian Niccol,1993.0,44.96 Billion USD,CHIPOTLE MEXICAN GRILL
464,,"8,619",USA,,,,TRAFIGURA
465,,"37,000",Ireland,,1871.0,44.96 Billion USD,TRANE TECHNOLOGIES PLC
466,,"18,000",USA,,2002.0,,LINKEDIN
467,,"58,000",USA,David Gitlin,1915.0,44.92 Billion USD,CARRIER GLOBAL
468,,"3,200",USA,Olivier Pomel,2010.0,44.87 Billion USD,DATADOG
469,,"72,500",USA,Michael F. Neidorff,1984.0,44.55 Billion USD,CENTENE CORPORATION
470,,"403,000",Bermuda,Benjamin William Keswick,1832.0,44.51 Billion USD,JARDINE MATHESON HOLDINGS
471,,"158,000",USA,Michael S. Dell,1984.0,44.30 Billion USD,DELL TECHNOLOGIES
472,,"12,561",South Korea,Hak Cheol Shin,1947.0,44.15 Billion USD,LG CHEM
473,,"4,537",USA,Jeffrey W. Martin,1998.0,44.14 Billion USD,SEMPRA ENERGY
474,,"61,531",Indonesia,,1895.0,44.01 Billion USD,PT BANK RAKYAT INDONESIA (PERSERO) TBK
475,1986.0,"7,529",USA,William J Stromberg,1937.0,43.91 Billion USD,T. ROWE PRICE GROUP
476,1999.0,"17,000",USA,Michael R. McMullen,1999.0,43.84 Billion USD,AGILENT TECHNOLOGIES
477,,"60,000",USA,Jose E. Almeida,1931.0,43.79 Billion USD,BAXTER INTERNATIONAL
478,,"35,700",USA,Fitterling,2019.0,43.71 Billion USD,DOW Inc
479,,"17,700",USA,Michael J. Hennigan,2009.0,43.66 Billion USD,MARATHON PETROLEUM CORPORATION
480,,"5,544",China,,2014.0,43.63 Billion USD,WUXI BIOLOGICS (CAYMAN)
481,,"25,000",USA,Jeffrey S. Sloan,1967.0,43.58 Billion USD,GLOBAL PAYMENTS
482,,"26,852",China,,2005.0,43.54 Billion USD,COSCO SHIPPING HOLDINGS
483,,"40,916",USA,Charles F. Lowrey,1875.0,43.39 Billion USD,PRUDENTIAL FINANCIAL
484,,"464,000",Hong Kong,David Hsu,1832.0,37.91 Billion USD,JARDINE STRATEGIC HOLDINGS
485,,"3,394",USA,George Kurtz,2011.0,43.34 Billion USD,CROWDSTRIKE HOLDINGS
486,,"99,299",China,,1984.0,43.25 Billion USD,HAIER SMART HOME
487,,"21,456",Japan,Katsunori Maruyama,1959.0,43.22 Billion USD,SMC CORPORATION
488,,"39,642",Germany,Joachim Wenning,1880.0,43.18 Billion USD,MUNCHENER RUCKVERSICHERUNGS-GESELLSCHAFT
489,2021.0,,Brazil,David Velez Osorno,2013.0,43.14 Billion USD,NU HOLDINGS LTD.
490,2001.0,"22,540",USA,Joseph M. Hogan,1997.0,43.13 Billion USD,ALIGN TECHNOLOGY
491,,"47,000",USA,Chris Kubasik,2019.0,43.12 Billion USD,L3HARRIS TECHNOLOGIES
492,2017.0,"28,000",USA,Edward D. Breen,1897.0,43.10 Billion USD,DUPONT DE NEMOURS
493,,"47,000",Japan,Christophe Weber,1781.0,43.09 Billion USD,TAKEDA PHARMACEUTICAL COMPANY
494,,"6,567",USA,Gregory W. Becker,1983.0,43.03 Billion USD,SVB FINANCIAL GROUP
495,,"105,000",UK,Nick Read,1982.0,43.01 Billion USD,VODAFONE GROUP
496,2018.0,"6,617",Sweden,Daniel Ek,2006.0,42.83 Billion USD,SPOTIFY TECHNOLOGY
497,,"17,800",Ireland,Brian Cassin,1996.0,42.82 Billion USD,EXPERIAN
498,,"18,700",USA,Greg Brown,2011.0,42.66 Billion USD,MOTOROLA SOLUTIONS
499,1998.0,"35,000",USA,Jon Vander Ark,1998.0,42.42 Billion USD,REPUBLIC SERVICES
500,2016.0,"142,000",USA,Christopher J. Nassetta,1919.0,42.37 Billion USD,HILTON WORLDWIDE HOLDINGS
501,,"131,000",Canada,Brian P. Hannasch,1980.0,42.17 Billion USD,ALIMENTATION COUCHE-TARD
502,,"4,076",South Korea,Choi Soo-yeon,1999.0,42.08 Billion USD,NAVER CORPORATION
503,,"12,874",Japan,Kentaro Kawabe,1996.0,41.97 Billion USD,Z HOLDINGS CORPORATION
504,,"10,622",Germany,Rolf Eberhard Buch,2001.0,41.88 Billion USD,VONOVIA SE
505,,"51,000",USA,Enrique Lores,1939.0,41.85 Billion USD,HP INC
506,2014.0,"191,752",UK,,2014.0,36.50 Billion USD,FIAT CHRYSLER AUTOMOBILES
507,,"54,640",USA,Thomas L. Williams,1918.0,41.61 Billion USD,PARKER-HANNIFIN CORPORATION
508,,"110,432",Spain,Onur Genc,1999.0,41.59 Billion USD,BANCO BILBAO VIZCAYA ARGENTARIA
509,,"100,000",USA,William C. Rhodes III,1979.0,41.57 Billion USD,AUTOZONE
510,1998.0,"10,800",USA,Jamie Iannone,1995.0,41.52 Billion USD,EBAY
511,2011.0,"2,153",USA,Marc Rowan,1990.0,41.38 Billion USD,APOLLO GLOBAL MANAGEMENT
512,,"35,000",USA,Jeff Harmening,1928.0,41.36 Billion USD,GENERAL MILLS
513,,"58,000",USA,Kevin Hourican,1969.0,41.25 Billion USD,SYSCO CORPORATION
514,1983.0,"40,000",USA,Todd M. Schneider,1968.0,41.23 Billion USD,CINTAS CORPORATION
515,,"8,256",Japan,Yoshiharu Inaba,1958.0,41.13 Billion USD,FANUC CORPORATION
516,,"12,447",USA,Dan Amos,1955.0,41.12 Billion USD,AFLAC
517,,"478,070",UK,Dominic Blakemore,1941.0,41.11 Billion USD,COMPASS GROUP
518,,"1,567",India,Ignatius Navil Noronha,2000.0,41.07 Billion USD,AVENUE SUPERMARTS
519,2016.0,"7,867",USA,Jeff Lawson,2008.0,41.05 Billion USD,TWILIO
520,,"79,200",Ireland,Albert Manifold,1970.0,41.04 Billion USD,CRH PLC
521,,"71,504",South Korea,Chang Jae-hoon,1967.0,41.03 Billion USD,HYUNDAI MOTOR COMPANY
522,,"41,101",Japan,Satoru Komiya,1879.0,40.96 Billion USD,TOKIO MARINE HOLDINGS
523,,"30,800",USA,Alan D. Schnitzer,1853.0,40.90 Billion USD,THE TRAVELERS COMPANIES
524,,"101,911",Switzerland,Veronique Penchienati Bosetta,1919.0,40.80 Billion USD,DANONE
525,,"16,033",Japan,Sunao Manabe,2005.0,40.77 Billion USD,DAIICHI SANKYO COMPANY
526,2013.0,"50,479",Brazil,Jean Jereissati,1999.0,40.76 Billion USD,AMBEV
527,,"17,337",China,,1997.0,40.67 Billion USD,BANK OF NINGBO
528,,"3,238",USA,Henry R. Kravis,1976.0,40.66 Billion USD,KKR & CO
529,,"20,532",Sweden,Ola Rollen,1992.0,40.65 Billion USD,HEXAGON AB (PUBL)
530,,"1,519",Switzerland,David Layton,1996.0,40.54 Billion USD,PARTNERS GROUP HOLDING AG
531,,371,USA,Sumit Roy,1969.0,40.40 Billion USD,REALTY INCOME CORPORATION
532,,"18,990",USA,Michele Buck,1894.0,40.35 Billion USD,THE HERSHEY COMPANY
533,,"59,052",China,,1993.0,40.25 Billion USD,INNER MONGOLIA YILI INDUSTRIAL GROUP
534,2020.0,"3,676",China,,2014.0,40.18 Billion USD,XPENG MOTORS
535,,"58,200",China,Ji Xiaohui,1993.0,40.06 Billion USD,SHANGHAI PUDONG DEVELOPMENT BANK
536,,"27,500",USA,Michael H. McGarry,1882.0,39.82 Billion USD,PPG INDUSTRIES
537,2014.0,"2,993",USA,Jayshree Ullal,2004.0,39.79 Billion USD,ARISTA NETWORKS
538,,"23,655",Switzerland,David J. Endicott,1945.0,39.77 Billion USD,ALCON
539,,"36,000",USA,David Gibbs,1997.0,39.68 Billion USD,YUM! BRANDS
540,2018.0,"23,100",Canada,,2018.0,39.46 Billion USD,NUTRIEN
541,,"140,565",China,Yu Liang,1984.0,39.43 Billion USD,CHINA VANKE
542,,"30,538",Singapore,Helen Wong,1932.0,39.37 Billion USD,OVERSEA-CHINESE BANKING CORPORATION
543,,"37,000",Canada,Roy Gori,1887.0,39.26 Billion USD,MANULIFE FINANCIAL CORPORATION
544,2011.0,"10,529",USA,Steven J. Kean,1997.0,39.16 Billion USD,KINDER MORGAN
545,,"4,825",Finland,Peter Vanacker,2005.0,39.11 Billion USD,NESTE OYJ
546,,"138,808",Japan,Ryuichi Isaka,2005.0,39.10 Billion USD,SEVEN & I HOLDINGS
547,,"44,509",Japan,Tatsuo Yasunaga,1947.0,39.07 Billion USD,MITSUI & CO.
548,,"41,000",USA,Juan Ricardo Luciano,1902.0,39.06 Billion USD,ARCHER-DANIELS-MIDLAND COMPANY
549,1996.0,"3,837",USA,Ludwig N. Hantson,1992.0,39.00 Billion USD,ALEXION PHARMACEUTICALS
550,,"96,500",Brazil,Milton Maluhy Filho,2008.0,38.92 Billion USD,ITAU UNIBANCO HOLDING
551,,"15,026",China,,2002.0,38.89 Billion USD,JIANGSU YANGHE BREWERY JOINT-STOCK
552,,"289,501",France,Aiman Ezzat,1967.0,38.88 Billion USD,CAPGEMINI SE
553,,"12,591",Canada,Mark S. Little,1917.0,38.70 Billion USD,SUNCOR ENERGY
554,,"9,016",Germany,Joachim Kreuzburg,1870.0,38.53 Billion USD,SARTORIUS STEDIM BIOTECH
555,,"111,247",China,Kong Qingwei,1991.0,38.51 Billion USD,CHINA PACIFIC INSURANCE GROUP (CPIC)
556,,"167,552",France,Benoit Bazin,1665.0,38.48 Billion USD,COMPAGNIE DE SAINT-GOBAIN
557,,"78,249",Switzerland,Dr. Detlef Trefzger,1890.0,38.47 Billion USD,KUEHNE + NAGEL INTERNATIONAL AG
558,,"34,352",UK,Kevin Murphy,1953.0,38.47 Billion USD,FERGUSON
559,1991.0,"23,663",USA,Greg C. Gantt,1934.0,38.25 Billion USD,OLD DOMINION FREIGHT LINE
560,,464,USA,Shankh Mitra,1970.0,38.23 Billion USD,WELLTOWER
561,,"76,000",USA,Brian S. Tyler,1833.0,38.13 Billion USD,MCKESSON CORPORATION
562,,"33,300",China,,2007.0,38.11 Billion USD,WILL SEMICONDUCTOR
563,,"24,500",USA,Blake D. Moret,1903.0,38.04 Billion USD,ROCKWELL AUTOMATION
564,,"33,916",Belgium,Johan Thijs,1935.0,38.02 Billion USD,KBC GROUP NV
565,2016.0,"1,967",USA,Jeff Green,2009.0,37.94 Billion USD,THE TRADE DESK
566,,37,China,,,37.94 Billion USD,"BEIJING-SHANGHAI HIGH-SPEED RAILWAY CO.,LTD."
567,,"26,969",India,Sanjiv Bajaj,2007.0,37.86 Billion USD,BAJAJ FINSERV
568,1999.0,"1,596",USA,Jeffrey Stoops,1989.0,37.85 Billion USD,SBA COMMUNICATIONS CORPORATION
569,,"204,815",China,Chen Hong,1995.0,37.82 Billion USD,SAIC MOTOR CORPORATION
570,,"14,915",Hong Kong,Gao Yingxin,2001.0,37.82 Billion USD,BOC HONG KONG
571,,"59,900",UK,Alison Rose,1968.0,37.79 Billion USD,NATWEST GROUP
572,,,China,,2011.0,37.73 Billion USD,KUAISHOU TECHNOLOCY
573,,"101,322",Sweden,Borje Ekholm,1876.0,37.53 Billion USD,ERICSSON
574,,"41,000",China,,1994.0,37.36 Billion USD,ANTA SPORTS PRODUCTS
575,,,China,,1999.0,37.28 Billion USD,ZHANGZHOU PIENTZEHUANG PHARMACEUTICAL. LTD
576,,"11,000",USA,Andrew Wilson,1982.0,37.27 Billion USD,ELECTRONIC ARTS
577,,"11,321",USA,Bob Frenzel,1999.0,37.22 Billion USD,XCEL ENERGY
578,,"88,846",China,Dong Mingzhu,1989.0,37.20 Billion USD,GREE ELECTRIC APPLIANCES
579,,"23,127",Netherlands,Dimitri de Vreeze,1902.0,37.19 Billion USD,DSM
580,,"39,000",USA,Ronald P. O'Hanley,1792.0,37.17 Billion USD,STATE STREET CORPORATION
581,,"24,315",USA,,,,BLOOMBERG LP
582,,"10,000",Hong Kong,Louisa Cheang Wai Wan,1933.0,37.16 Billion USD,HANG SENG BANK
583,1985.0,"93,700",USA,Barbara Rentler,1982.0,37.10 Billion USD,ROSS STORES
584,,"34,523",Germany,,2016.0,27.56 Billion USD,INNOGY SE
585,,"20,477",France,Jean-Bernard Levy,1946.0,37.06 Billion USD,EDF (ELECTRICITE DE FRANCE)
586,,"196,159",USA,Roger C Hochschild,1985.0,36.84 Billion USD,DISCOVER FINANCIAL SERVICES
587,,"803,126",China,,2015.0,36.83 Billion USD,FOXCONN INDUSTRIAL INTERNET
588,,"61,380",Finland,Henrik Ehrnrooth,1910.0,36.77 Billion USD,KONE OYJ
589,,"19,386",UK,Brendan Horgan,1947.0,36.70 Billion USD,ASHTEAD GROUP
590,,"36,860",China,,2000.0,36.68 Billion USD,ZIJIN MINING GROUP COMPANY
591,,"9,200",Norway,Kjerstin Braathen,1822.0,36.68 Billion USD,DNB ASA
592,2018.0,"3,153",USA,Jay Chaudhry,2007.0,36.64 Billion USD,ZSCALER
593,,"6,295",USA,Hafize Gaye Erkan,1985.0,36.59 Billion USD,FIRST REPUBLIC BANK
594,,"245,472",Japan,Masatsugu Nagato,2006.0,36.47 Billion USD,JAPAN POST BANK
595,,"171,000",France,Catherine MacGregor,2008.0,36.44 Billion USD,ENGIE
596,,"28,546",Hong Kong,Jan Craps,1888.0,36.33 Billion USD,BUDWEISER BREWING COMPANY APAC
597,,"2,837",South Korea,Yeo Min-soo,1995.0,36.17 Billion USD,KAKAO
598,,"3,400",USA,Andreas Fibig,1958.0,36.14 Billion USD,INTERNATIONAL FLAVORS & FRAGRANCES
599,2006.0,"13,300",USA,W. Nicholas Howley,1993.0,36.14 Billion USD,TRANSDIGM GROUP
600,,"70,000",USA,,1853.0,36.13 Billion USD,OTIS WORLDWIDE CORPORATION
601,,"54,700",USA,Thomas J. Wilson,1931.0,36.11 Billion USD,ALLSTATE CORPORATION
602,,"36,500",India,Sanjiv Puri,1910.0,36.02 Billion USD,ITC
603,,"20,500",Canada,,1995.0,35.94 Billion USD,CONSTELLATION SOFTWARE
604,,"14,000",USA,Greg C. Garland,2012.0,35.92 Billion USD,PHILLIPS 66
605,,"52,600",Germany,Carsten Knobel,1876.0,35.83 Billion USD,HENKEL AG
606,,"45,268",India,S N Subrahmanyan,1938.0,35.83 Billion USD,LARSEN & TOUBRO
607,,"58,300",Japan,Eddy Pirard,1999.0,35.81 Billion USD,JAPAN TOBACCO
608,,"90,836",Italy,Andrea Orcel,1998.0,35.78 Billion USD,UNICREDIT
609,,"12,000",USA,James Cracchiolo,1894.0,35.73 Billion USD,AMERIPRISE FINANCIAL
610,1994.0,"87,927",Finland,Pekka Lundmark,1865.0,35.65 Billion USD,NOKIA CORPORATION
611,2013.0,"4,506",USA,Peter Gassner,2007.0,35.59 Billion USD,VEEVA SYSTEMS
612,2015.0,"2,540",USA,Shar Dubey,2009.0,35.46 Billion USD,MATCH GROUP
613,1997.0,"17,800",USA,Patrick Kaltenbach,1989.0,35.45 Billion USD,METTLER-TOLEDO INTERNATIONAL
614,,"465,000",USA,Rodney McMullen,1883.0,35.38 Billion USD,KROGER
615,,"21,000",USA,"James C. Collins, Jr.",2018.0,35.29 Billion USD,CORTEVA
616,,"37,125",Sweden,Stefan Widing,1862.0,35.19 Billion USD,SANDVIK AB
617,2020.0,"5,245",USA,John Riccitiello,2004.0,35.18 Billion USD,UNITY SOFTWARE INC.
618,,"27,015",Australia,Andy Penn,1975.0,35.12 Billion USD,TELSTRA CORPORATION
619,,"11,107",South Korea,Jun Young-hyun,1970.0,35.11 Billion USD,SAMSUNG SDI
620,,"105,000",USA,Robert E. Sulentic,1906.0,35.07 Billion USD,CBRE GROUP
621,,"232,000",Netherlands,Frans Muller,1887.0,35.06 Billion USD,AHOLD DELHAIZE
622,,"24,346",Singapore,Wee Ee Cheong,1935.0,35.00 Billion USD,UNITED OVERSEAS BANK
623,,"39,500",Hong Kong,Raymond Kwok,1963.0,34.96 Billion USD,SUN HUNG KAI PROPERTIES
624,,"78,126",Germany,Leonhard Birnbaum,2000.0,34.94 Billion USD,E.ON SE
625,1987.0,"20,507",USA,Daniel L. Florness,1967.0,34.87 Billion USD,FASTENAL COMPANY
626,,"3,090",USA,Timothy J Naughton,1978.0,34.78 Billion USD,AVALONBAY COMMUNITIES
627,,"89,575",Brazil,Octavio de Lazari Junior,1943.0,34.59 Billion USD,BANCO BRADESCO
628,,"7,970",USA,Michael J. Farrell,1989.0,34.57 Billion USD,RESMED
629,,"12,568",Denmark,Kristian Villumsen,1954.0,34.56 Billion USD,COLOPLAST A/S
630,,"30,263",Mexico,,1978.0,34.47 Billion USD,GRUPO MEXICO
631,,"51,426",Hong Kong,,1985.0,34.45 Billion USD,TECHTRONIC INDUSTRIES COMPANY
632,,"2,440",USA,Matthew Prince,2009.0,34.43 Billion USD,CLOUDFLARE
633,2014.0,"14,300",USA,,2014.0,34.41 Billion USD,KEYSIGHT TECHNOLOGIES
634,,"47,486",China,Bin Wu,1997.0,34.36 Billion USD,ANHUI CONCH CEMENT COMPANY
635,,"39,000",USA,J. Patrick Gallagher Jr,1927.0,34.28 Billion USD,ARTHUR J. GALLAGHER
636,,"2,877",Spain,Tobias Martinez Gimeno,2015.0,34.19 Billion USD,CELLNEX TELECOM
637,,"9,610",USA,Michel Vounatsos,1978.0,34.17 Billion USD,BIOGEN
638,,"69,801",Japan,Tatsufumi Sakai,2001.0,34.09 Billion USD,MIZUHO FINANCIAL GROUP
639,,"4,783",USA,Alan S. Armstrong,1908.0,34.03 Billion USD,WILLIAMS COMPANIES
640,,"18,933",Canada,Worthing F Jackman,1997.0,33.93 Billion USD,WASTE CONNECTIONS
641,,"11,788",USA,David V. Auld,1978.0,33.92 Billion USD,D.R. HORTON
642,,"12,684",USA,Ralph Izzo,1903.0,33.88 Billion USD,PUBLIC SERVICE ENTERPRISE GROUP
643,,"34,209",Hong Kong,Jacob Kam,1972.0,33.75 Billion USD,MTR CORPORATION
644,,596,Australia,,1919.0,33.72 Billion USD,SYDNEY AIRPORT
645,,"2,400",USA,Mark J. Parrell,1969.0,33.62 Billion USD,EQUITY RESIDENTIAL
646,,"13,977",Taiwan,Mihn Tsao,1992.0,33.55 Billion USD,FORMOSA PETROCHEMICAL CORPORATION
647,,"59,900",USA,Tom Linebarger,1919.0,33.52 Billion USD,CUMMINS
648,,559,USA,Joel S Marcus,1994.0,33.41 Billion USD,ALEXANDRIA REAL ESTATE EQUITIES
649,,"19,112",USA,Greg D. Carmichael,1858.0,33.31 Billion USD,FIFTH THIRD BANCORP
650,2009.0,"9,367",USA,Scott G. Stephenson,1971.0,33.30 Billion USD,VERISK ANALYTICS
651,,"48,000",Sweden,Nico Delvaux,1994.0,33.27 Billion USD,ASSA ABLOY AB (PUBL)
652,,"81,592",Netherlands,Frans van Houten,1891.0,33.23 Billion USD,PHILIPS
653,,"72,644",Italy,Philippe Donnet,1831.0,33.23 Billion USD,ASSICURAZIONI GENERALI
654,2020.0,"2,733",USA,Alex Karp,2003.0,33.20 Billion USD,PALANTIR TECHNOLOGIES
655,,"9,964",USA,Joseph W. Gorder,1980.0,33.12 Billion USD,VALERO ENERGY CORPORATION
656,,"1,600",USA,David A. Hager,1971.0,33.10 Billion USD,DEVON ENERGY CORPORATION
657,,"38,087",China,Tang Yong,1994.0,33.09 Billion USD,CHINA RESOURCES LAND
658,,"137,000",USA,Donnie D. King,1935.0,33.04 Billion USD,TYSON FOODS
659,,"24,586",China,,1989.0,33.02 Billion USD,SANY HEAVY INDUSTRY CO. LTD
660,,"18,500",USA,David Zapico,1930.0,32.94 Billion USD,AMETEK
661,,"10,875",Thailand,Auttapol Rerkpiboon,1978.0,32.88 Billion USD,PTT PUBLIC COMPANY
662,,"24,589",Canada,Dean A. Connor,1865.0,32.87 Billion USD,SUN LIFE FINANCIAL
663,,"36,000",China,,2003.0,32.81 Billion USD,AIER EYE HOSPITAL GROUP
664,2017.0,"10,400",USA,Ernest Garcia III,2012.0,32.80 Billion USD,CARVANA
665,,"1,000",Australia,Gregory Leith Goodman,1989.0,32.74 Billion USD,GOODMAN GROUP
666,,"28,800",USA,Leon Topalian,1940.0,32.71 Billion USD,NUCOR CORPORATION
667,,"28,445",South Africa,Bob van Dijk,1915.0,32.70 Billion USD,NASPERS
668,,"12,700",USA,Mark Begor,1899.0,32.63 Billion USD,EQUIFAX
669,,"32,218",Taiwan,Chi-Mau Sheih,1996.0,32.56 Billion USD,CHUNGHWA TELECOM
670,,"215,000",Australia,Bradford Banducci,1924.0,32.51 Billion USD,WOOLWORTHS GROUP
671,,"19,200",Netherlands,Bhavesh V. Patel,2007.0,32.48 Billion USD,LYONDELLBASELL INDUSTRIES
672,,"28,500",USA,Preston Feight,1905.0,32.43 Billion USD,PACCAR
673,,"61,200",USA,Wendell Weeks,1851.0,32.40 Billion USD,CORNING
674,1994.0,"8,600",USA,Jay Adair,1982.0,32.36 Billion USD,COPART
675,,"5,814",USA,Laurel Hurd,1971.0,32.36 Billion USD,NASDAQ
676,,"45,174",Taiwan,Ming Chung Daniel,1961.0,32.29 Billion USD,FUBON FINANCIAL HOLDING
677,,"21,869",Canada,Mark Bristow,1983.0,32.21 Billion USD,BARRICK GOLD CORPORATION
678,,"2,571",USA,Milan Galik,1978.0,32.19 Billion USD,INTERACTIVE BROKERS GROUP
679,,"67,409",Switzerland,Jan Jenisch,2015.0,32.10 Billion USD,HOLCIM LTD
680,,450,USA,,2010.0,,INSTAGRAM
681,,"153,000",Sweden,Helena Helmersson,1947.0,32.08 Billion USD,H & M HENNES & MAURITZ AB
682,,"129,071",Japan,Hirotaka Hara,1935.0,32.03 Billion USD,FUJITSU
683,,"15,945",India,Kenichi Ayukawa,1982.0,31.99 Billion USD,MARUTI SUZUKI INDIA
684,,"19,000",Spain,Luis Maroto,1987.0,31.94 Billion USD,AMADEUS IT GROUP
685,,"8,211",China,,2001.0,31.94 Billion USD,NARI TECHNOLOGY
686,,"90,800",Canada,Darren Entwistle,1990.0,31.93 Billion USD,TELUS CORPORATION
687,2021.0,"15,000",USA,Thomas Caulfield,2009.0,31.92 Billion USD,GLOBALFOUNDRIES INC.
688,,"4,700",USA,Lawson Whiting,1870.0,31.80 Billion USD,BROWN-FORMAN CORPORATION
689,,"59,258",China,Mingqiang BI,1987.0,31.76 Billion USD,CHINA CITIC BANK CORPORATION
690,2012.0,"5,836",USA,,2012.0,31.74 Billion USD,MPLX LP
691,,"167,743",Luxembourg,Lakshmi Mittal,2006.0,31.73 Billion USD,ARCELORMITTAL
692,2013.0,"7,500",USA,Parag Agarwal,2006.0,31.72 Billion USD,TWITTER
693,1995.0,"199,327",USA,Michael A. Witynski,1986.0,31.71 Billion USD,DOLLAR TREE
694,,,China,,2006.0,31.59 Billion USD,YUNNAN ENERGY NEW MATERIAL
695,1996.0,"5,100",USA,Ajei Gopal,1970.0,31.59 Billion USD,ANSYS
696,2012.0,"58,824",USA,Arkadiy Dobkin,1993.0,31.58 Billion USD,EPAM SYSTEMS
697,2008.0,"6,400",USA,Susan Hardwick,1886.0,31.50 Billion USD,AMERICAN WATER WORKS COMPANY
698,,"7,340",Switzerland,Guillaume Daniellot,1954.0,31.43 Billion USD,STRAUMANN HOLDING AG
699,,916,Germany,Hans Dieter Potsch,2007.0,31.39 Billion USD,PORSCHE AUTOMOBIL HOLDING SE
700,,"69,000",South Africa,Natascha Viljoen,1995.0,31.37 Billion USD,ANGLO AMERICAN PLATINUM
701,,,China,,2001.0,31.35 Billion USD,EVE ENERGY CO. LTD
702,,"152,050",France,,1864.0,31.34 Billion USD,SOCIETE GENERALE
703,,"24,374",China,,1984.0,31.27 Billion USD,SUNNY OPTICAL TECHNOLOGY (GROUP) COMPANY
704,,"245,472",Japan,Hiroya Masuda,2006.0,31.25 Billion USD,JAPAN POST HOLDINGS
705,,"10,753",USA,Jonathan M. Jaffe,1954.0,31.19 Billion USD,LENNAR CORPORATION
706,,"26,316",China,,1993.0,31.19 Billion USD,LONGFOR GROUP HOLDINGS
707,,"6,200",Hong Kong,Zhang Zhichao,1979.0,31.15 Billion USD,CHINA OVERSEAS LAND AND INVESTMENT
708,,"10,540",Spain,Francisco Miguel Reynes Massanet,1843.0,31.14 Billion USD,NATURGY ENERGY GROUP
709,,"117,500",France,Florent Menegaux,1889.0,31.13 Billion USD,MICHELIN
710,,"36,726",France,Benoit Coquart,1860.0,31.08 Billion USD,LEGRAND SA
711,,"13,500",Switzerland,Dieter Weisskopf,1845.0,31.02 Billion USD,CHOCOLADEFABRIKEN LINDT & SPRUNGLI AG
712,,"11,678",USA,Vicki Hollub,1920.0,31.02 Billion USD,OCCIDENTAL PETROLEUM CORPORATION
713,,"138,036",Japan,Shuichi Ishibashi,1931.0,30.97 Billion USD,BRIDGESTONE CORPORATION
714,,"135,304",China,Stanley Ching,1979.0,30.95 Billion USD,CITIC
715,,"71,300",USA,James M. Loree,1843.0,30.86 Billion USD,STANLEY BLACK & DECKER
716,,"9,227",USA,Joseph R. Nolan Jr.,1966.0,30.83 Billion USD,EVERSOURCE ENERGY
717,,"4,181",China,,2015.0,30.81 Billion USD,LI AUTO INC
718,,"65,017",China,,1993.0,30.70 Billion USD,BOE TECHNOLOGY GROUP COMPANY
719,,"6,938",USA,Scott J. Lauber,1987.0,30.66 Billion USD,WEC ENERGY GROUP
720,,"7,235",India,C K Venkataraman,1984.0,30.62 Billion USD,TITAN COMPANY
721,2017.0,"5,030",USA,Todd McKinnon,2009.0,30.59 Billion USD,OKTA
722,,"15,500",Sweden,Johan Torgeby,1972.0,30.55 Billion USD,SKANDINAVISKA ENSKILDA BANKEN AB (PUBL.)
723,,"7,238",Germany,Theodor Weimer,1992.0,30.35 Billion USD,DEUTSCHE BORSE
724,,"14,071",USA,John McAvoy,1823.0,30.31 Billion USD,CONSOLIDATED EDISON
725,,"56,811",China,,1992.0,30.29 Billion USD,POLY DEVELOPMENTS AND HOLDINGS GROUP
726,,"9,372",USA,Devin W. Stockfish,1900.0,30.22 Billion USD,WEYERHAEUSER COMPANY
727,,"73,275",Japan,Shigetaka Komoris,1934.0,30.15 Billion USD,FUJIFILM HOLDINGS CORPORATION
728,,"367,321",UK,Ken Murphy,1919.0,30.12 Billion USD,TESCO
729,,"1,594",USA,Adam Foroughi,2012.0,30.11 Billion USD,APPLOVIN CORP
730,,,China,,2000.0,29.96 Billion USD,SEMICONDUCTOR MANUFACTURING INTERNATIONAL CORPORATION
731,,"78,300",India,Amitabh Chaudhry,1993.0,29.96 Billion USD,AXIS BANK
732,,"7,127",Japan,Aki Tomaru,2000.0,29.93 Billion USD,M3 Inc
733,,,China,,1997.0,29.86 Billion USD,SUNGROW POWER SUPPLY
734,,"1,340",India,Vneet S Jaain,2015.0,29.83 Billion USD,ADANI GREEN ENERGY
735,,"18,700",Sweden,Gerteric Lindquist,1949.0,29.79 Billion USD,NIBE INDUSTRIER AB (PUBL)
736,,"15,883",Japan,Yoshihiko Hatanaka,2005.0,29.74 Billion USD,ASTELLAS PHARMA
737,,"23,635",China,,1995.0,29.70 Billion USD,TONGWEI
738,,,Kazakhstan,Mikhail Lomtadze,1991.0,29.70 Billion USD,KASPI BANK JOINT STOCK COMPANY
739,,"13,189",Switzerland,Christian Mumenthaler,1863.0,29.68 Billion USD,SWISS RE
740,,"57,848",Taiwan,,2001.0,29.56 Billion USD,CATHAY FINANCIAL HOLDING
741,,"84,512",Germany,Christian Sewing,1870.0,29.52 Billion USD,DEUTSCHE BANK
742,,"13,962",China,,1995.0,29.42 Billion USD,RONGSHENG PETROCHEMICAL
743,,"12,558",USA,Thomas E. Long,1995.0,29.40 Billion USD,ENERGY TRANSFER LP
744,,"198,951",China,Jianjun Zhang,1949.0,29.37 Billion USD,PICC GROUP (PEOPLE'S INSURANCE COMPANY (GROUP) OF CHINA)
745,,"24,300",USA,John A Hayes,1880.0,29.32 Billion USD,BALL CORPORATION
746,,"26,438",Japan,,1921.0,29.18 Billion USD,TERUMO CORPORATION
747,,"22,000",India,Ashish Dwivedi,1983.0,29.17 Billion USD,ULTRATECH CEMENT
748,,"52,488",South Korea,Song Ho-Sung,1944.0,29.02 Billion USD,KIA MOTORS CORPORATION
749,,"13,840",Sweden,Helena Hedblom,2018.0,29.02 Billion USD,EPIROC AB (PUBL)
750,,"2,096",Hong Kong,,1862.0,28.99 Billion USD,HONG KONG AND CHINA GAS COMPANY
751,2004.0,"44,700",USA,Robert Glen Goldstein,1988.0,28.96 Billion USD,LAS VEGAS SANDS CORP
752,,"9,000",Australia,Scott Charlton,1996.0,28.95 Billion USD,TRANSURBAN GROUP
753,,"10,065",USA,Eric M. Green,1923.0,28.93 Billion USD,WEST PHARMACEUTICAL SERVICES
754,,"19,062",Switzerland,Urs Schaeppi,1998.0,28.91 Billion USD,SWISSCOM AG
755,,"46,600",UK,Carl Hess,2016.0,28.85 Billion USD,WILLIS TOWERS WATSON PUBLIC COMPANY
756,,"11,908",Switzerland,Christian Buhl,1874.0,28.74 Billion USD,GEBERIT AG
757,,"24,272",Indonesia,Ririek Adriansyah,1856.0,28.72 Billion USD,PT TELEKOMUNIKASI INDONESIA TBK
758,2017.0,"2,539",USA,Dev Ittycheria,2007.0,28.68 Billion USD,MONGODB
759,,"2,972",China,,1995.0,28.64 Billion USD,CHONGQING ZHIFEI BIOLOGICAL PRODUCTS
760,,"19,169",Netherlands,Nancy McKinstry,1987.0,28.49 Billion USD,WOLTERS KLUWER
761,,"320,618",Mexico,Eduardo Padilla Silva,1936.0,28.48 Billion USD,FOMENTO ECONOMICO MEXICANOB. DE C.V. (FEMSA)
762,,"40,000",USA,Steve Rendle,1899.0,28.47 Billion USD,V.F. CORPORATION
763,1998.0,"4,742",USA,Andrew C. Florance,1987.0,28.39 Billion USD,COSTAR GROUP
764,1991.0,"9,800",USA,Anders Gustafsson,1969.0,28.37 Billion USD,ZEBRA TECHNOLOGIES CORPORATION
765,,"24,500",Canada,Paul A. Mahon,1891.0,28.25 Billion USD,GREAT-WEST LIFECO
766,,"142,150",France,Stephane Richard,1988.0,28.20 Billion USD,ORANGE S.A
767,2020.0,"26,000",USA,Jay Farner,1985.0,28.14 Billion USD,ROCKET COMPANIES
768,,"31,653",Japan,Yasuo Takeuchi,1919.0,28.09 Billion USD,OLYMPUS CORPORATION
769,,"29,378",Denmark,Henrik Andersen,1945.0,28.08 Billion USD,VESTAS WIND SYSTEMS A/S
770,,"66,674",Switzerland,Thomas Oetterli,1874.0,28.05 Billion USD,SCHINDLER HOLDING AG
771,,"5,054",Sweden,Martin Carlesund,2006.0,27.96 Billion USD,EVOLUTION GAMING GROUP AB (PUBL)
772,,"22,892",Singapore,Kuan Moon Yuen,1879.0,27.94 Billion USD,SINGAPORE TELECOMMUNICATIONS (SINGTEL)
773,,"93,300",USA,,1977.0,,MERCADONA
774,2004.0,"4,013",USA,Joseph Margolis,1977.0,27.91 Billion USD,EXTRA SPACE STORAGE
775,,"9,813",Finland,Torbjorn Magnusson,1909.0,27.89 Billion USD,SAMPO OYJ
776,,"139,677",Japan,Yo Honma,1978.0,27.86 Billion USD,NTT DATA CORPORATION
777,,"2,847",USA,Pierce H. Norton II,1906.0,27.85 Billion USD,ONEOK
778,,"33,300",USA,Hassane El-Khoury,1999.0,27.82 Billion USD,ON SEMICONDUCTOR CORPORATION
779,,"146,518",Japan,Takeshi Sugiyama,1921.0,27.73 Billion USD,MITSUBISHI ELECTRIC CORPORATION
780,,"42,000",USA,Steven H. Collis,1985.0,27.71 Billion USD,AMERISOURCEBERGEN CORPORATION
781,,"2,545",USA,Stewart Butterfield,2009.0,27.70 Billion USD,SLACK TECHNOLOGIES
782,,"2,413",Canada,Alex Pourbaix,2009.0,27.66 Billion USD,CENOVUS ENERGY
783,,"87,346",China,,2001.0,27.62 Billion USD,GOERTEK
784,,"6,000",USA,J Kent Masters,1994.0,27.61 Billion USD,ALBEMARLE CORPORATION
785,,"11,912",USA,J. Thomas Hill,1909.0,27.59 Billion USD,VULCAN MATERIALS COMPANY
786,,"1,550",USA,Jack A Fusco,1996.0,27.52 Billion USD,CHENIERE ENERGY
787,,"15,000",Colombia,Felipe Bayon,1951.0,27.47 Billion USD,ECOPETROL
788,,"26,000",USA,Patricia K. Poppe,1905.0,27.47 Billion USD,PACIFIC GAS & ELECTRIC CORPORATION
789,,"11,216",China,,2003.0,27.41 Billion USD,SHENZHEN INOVANCE TECHNOLOGY
790,,"5,500",China,,2000.0,27.34 Billion USD,GANFENG LITHIUM
791,,"75,000",USA,Adam H Schechter,1978.0,27.30 Billion USD,LABORATORY CORPORATION OF AMERICA HOLDINGS
792,,"26,000",Ireland,Edmond Scanlon,1972.0,27.28 Billion USD,KERRY GROUP
793,,"209,000",France,,1896.0,24.16 Billion USD,PEUGEOT
794,,"19,285",Taiwan,Stan Hung,1980.0,27.28 Billion USD,UNITED MICROELECTRONICS CORPORATION
795,,"14,800",USA,Peter M Kern,1996.0,27.26 Billion USD,EXPEDIA GROUP
796,,"85,700",China,,2005.0,27.21 Billion USD,SHENZHOU INTERNATIONAL GROUP HOLDINGS
797,,,China,,1997.0,27.20 Billion USD,QINGHAI SALT LAKE INDUSTRY
798,,"7,082",USA,Patrick J Ottensmeyer,1887.0,27.20 Billion USD,KANSAS CITY SOUTHERN
799,,"43,293",Japan,Masatoshi Kimata,1890.0,27.15 Billion USD,KUBOTA CORPORATION
800,,"200,000",Canada,Galen G. Weston,1919.0,27.07 Billion USD,LOBLAW COMPANIES
801,,"46,316",China,Zhang Jinliang,1992.0,27.05 Billion USD,CHINA EVERBRIGHT BANK COMPANY
802,,"20,000",USA,Jim Snee,1891.0,27.05 Billion USD,HORMEL FOODS CORPORATION
803,,,China,,2014.0,,WEBANK
804,,"311,269",Germany,Stephan Sturm,1912.0,27.03 Billion USD,FRESENIUS SE
805,1986.0,"26,400",USA,David T. Feinberg,1979.0,26.98 Billion USD,CERNER CORPORATION
806,,"14,802",Ireland,Peter Jackson,2016.0,26.93 Billion USD,FLUTTER ENTERTAINMENT
807,,"37,769",Saudi Arabia,Fahad bin Hussein Al-Sudairi,2000.0,26.93 Billion USD,SAUDI ELECTRICITY COMPANY
808,2013.0,"9,900",USA,Christine A Leahy,1984.0,26.93 Billion USD,CDW CORPORATION
809,,"25,000",USA,Michael G. O'Grady,1889.0,26.93 Billion USD,NORTHERN TRUST CORPORATION
810,,,Taiwan,,1968.0,26.91 Billion USD,EVERGREEN MARINE CORPORATION (TAIWAN)
811,2018.0,"5,630",USA,Dan Springer,2003.0,26.90 Billion USD,DOCUSIGN
812,,"84,000",Netherlands,Dolf van den Brink,1864.0,26.89 Billion USD,HEINEKEN HOLDING
813,,"9,372",China,,1995.0,26.88 Billion USD,CHINA INTERNATIONAL CAPITAL CORPORATION
814,,"55,100",USA,Robert E Jordan,1967.0,26.84 Billion USD,SOUTHWEST AIRLINES
815,,"1,545",USA,John B. Hess,1933.0,26.83 Billion USD,HESS CORPORATION
816,,"1,900",USA,Greg Maffei,2014.0,26.77 Billion USD,LIBERTY BROADBAND CORPORATION
817,,"20,000",USA,Bryan C. Hanson,1927.0,26.77 Billion USD,ZIMMER BIOMET HOLDINGS
818,1994.0,"8,700",USA,C. Howard Nye,1949.0,26.77 Billion USD,MARTIN MARIETTA MATERIALS
819,,"5,800",Canada,Brad Corson,1880.0,26.73 Billion USD,IMPERIAL OIL
820,,"5,700",Qatar,,2003.0,26.69 Billion USD,INDUSTRIES QATAR
821,,"26,920",Canada,Laurent Ferreira,1859.0,26.66 Billion USD,NATIONAL BANK OF CANADA
822,,"36,000",India,Kirti Ganorkar,1983.0,26.64 Billion USD,SUN PHARMACEUTICAL INDUSTRIES
823,,"80,000",Taiwan,Ping Zheng,1971.0,26.61 Billion USD,DELTA ELECTRONICS
824,,"30,000",India,,2007.0,,FLIPKART
825,,"52,323",China,,2000.0,26.59 Billion USD,BAOSHAN IRON & STEEL
826,,"26,506",China,,1999.0,26.58 Billion USD,HENGLI PETROCHEMICAL
827,,"259,385",Japan,Kazuhiro Tsuga,1918.0,26.57 Billion USD,PANASONIC CORPORATION
828,,"83,000",USA,Ed Bastian,1925.0,26.57 Billion USD,DELTA AIR LINES
829,,"19,498",Germany,Markus Krebber,1898.0,26.49 Billion USD,RWE
830,,"30,105",India,Subhash Kumar,1956.0,26.47 Billion USD,ONGC
831,,"2,100",Poland,,1999.0,23.31 Billion USD,ALLEGRO
832,,"33,200",UK,Damian Paul Gammell,2016.0,26.44 Billion USD,COCA-COLA EUROPACIFIC PARTNERS PLC
833,1998.0,902,USA,D. James Bidzos,1995.0,26.40 Billion USD,VERISIGN
834,2014.0,"18,000",USA,Brian D. Doubles,2003.0,26.38 Billion USD,SYNCHRONY FINANCIAL
835,,"23,000",USA,Richard J. Tobin,1955.0,26.34 Billion USD,DOVER CORPORATION
836,,,China,,,,JD DIGITS
837,,,India,Suresh Manglani,2004.0,26.34 Billion USD,ADANI TOTAL GAS LIMITED
838,1997.0,"15,016",Ireland,Michael O'Leary,1984.0,26.29 Billion USD,RYANAIR HOLDINGS
839,,"8,000",Saudi Arabia,Mosaed Al Ohali,1997.0,26.29 Billion USD,SAUDI ARABIAN MINING COMPANY (MA'ADEN)
840,2001.0,"2,675",USA,Clay B Siegall,1997.0,26.28 Billion USD,SEAGEN
841,,"19,933",Finland,Markus Rauramo,1998.0,26.20 Billion USD,FORTUM OYJ
842,,"66,478",Japan,Hisahiro Koketsu,1926.0,26.10 Billion USD,TOYOTA INDUSTRIES CORPORATION
843,,,China,,2009.0,26.09 Billion USD,SMOORE INTERNATIONAL HOLDINGS
844,,"11,980",India,,2015.0,26.06 Billion USD,ADANI TRANSMISSIONS
845,,"22,700",USA,Donald G. Macpherson,1927.0,26.05 Billion USD,W.W. GRAINGER
846,,"383,233",France,Daniel Julien,1978.0,26.04 Billion USD,TELEPERFORMANCE SE
847,,"172,907",Hong Kong,Mr. Li,2014.0,26.03 Billion USD,CK HUTCHISON HOLDINGS
848,,"10,500",USA,Michael Rapino,1996.0,26.03 Billion USD,LIVE NATION ENTERTAINMENT
849,,"7,230",Thailand,,1979.0,25.99 Billion USD,AIRPORTS OF THAILAND
850,1994.0,"46,000",USA,Hal Lawton,1938.0,25.99 Billion USD,TRACTOR SUPPLY COMPANY
851,,"2,653",Switzerland,Magdalena Martullo-Blocher,1936.0,25.92 Billion USD,EMS-CHEMIE HOLDING AG
852,,"1,800",Australia,,2000.0,25.90 Billion USD,APA GROUP
853,,"5,100",USA,Matthew Farrell,1846.0,25.90 Billion USD,CHURCH & DWIGHT
854,,"171,450",France,Antoine Frerot,1853.0,25.90 Billion USD,VEOLIA ENVIRONNEMENT
855,2016.0,"18,000",USA,Jim Lico,2016.0,25.80 Billion USD,FORTIVE CORPORATION
856,,"5,900",USA,Mark E Jagiela,1960.0,25.80 Billion USD,TERADYNE
857,,"7,600",India,Suresh Narayanan,1959.0,25.74 Billion USD,NESTLE INDIA
858,,"154,000",Canada,Seetarama Kotagiri,1957.0,25.73 Billion USD,MAGNA INTERNATIONAL
859,,"164,177",China,,2015.0,25.71 Billion USD,CRRC CORPORATION
860,,"14,000",USA,Lawrence E. Kurzius,1889.0,25.68 Billion USD,MCCORMICK & COMPANY
861,,"59,262",China,Zheng Wanchun,1996.0,25.65 Billion USD,CHINA MINSHENG BANKING
862,2017.0,"1,240",USA,Dallas B. Tanner,2012.0,25.61 Billion USD,INVITATION HOMES
863,,"30,000",USA,Arnold W. Donald,1972.0,25.53 Billion USD,CARNIVAL CORPORATION
864,,"11,300",USA,Liam Griffin,2002.0,25.50 Billion USD,SKYWORKS SOLUTIONS
865,,"27,318",Japan,Masaaki Tanaka,1881.0,25.48 Billion USD,NIPPON PAINT HOLDINGS
866,,"3,625",China,,1989.0,25.46 Billion USD,LI NING COMPANY
867,,"25,377",Japan,Fujio Mitarai,1937.0,25.38 Billion USD,CANON
868,,"33,153",Japan,Makoto Inoue,1964.0,25.38 Billion USD,ORIX CORPORATION
869,1988.0,"114,042",Spain,Jose Maria Alvarez-Pallete Lopez,1924.0,25.32 Billion USD,TELEFONICA SA
870,,"7,959",Hong Kong,,1901.0,25.31 Billion USD,CLP HOLDINGS
871,2000.0,"18,700",USA,Clifton A. Pemble,1989.0,25.19 Billion USD,GARMIN
872,,"29,603",Japan,Hiroto Takeuchi,1987.0,25.18 Billion USD,CENTRAL JAPAN RAILWAY COMPANY
873,,"16,665",Japan,Takahisa Takahara,1961.0,25.16 Billion USD,UNICHARM CORPORATION
874,,529,Japan,,1962.0,25.15 Billion USD,LASERTEC CORPORATION
875,,"15,500",Ireland,,1966.0,25.07 Billion USD,KINGSPAN GROUP
876,,"2,042",India,,1988.0,25.06 Billion USD,ADANI ENTERPRISES
877,,"38,000",Hong Kong,,1996.0,24.97 Billion USD,GEELY AUTOMOBILE HOLDINGS
878,,"13,876",UK,Nigel Wilson,1836.0,24.97 Billion USD,LEGAL & GENERAL GROUP
879,1994.0,"2,429",USA,H Eric Bolton Jr,1977.0,24.92 Billion USD,MID-AMERICA APARTMENT COMMUNITIES
880,,"25,693",USA,Stephen D Steinour,1866.0,24.91 Billion USD,HUNTINGTON BANCSHARES
881,,"27,000",Hong Kong,,1992.0,24.87 Billion USD,CHINA RESOURCES BEER (HOLDINGS) COMPANY
882,,"11,697",Taiwan,,1958.0,24.83 Billion USD,NAN YA PLASTICS CORPORATION
883,,"5,590",USA,Jennifer C. Witz,2008.0,24.80 Billion USD,SIRIUS XM HOLDINGS
884,,"7,000",Brazil,Fabio Schvartsman,1899.0,24.77 Billion USD,KLABIN
885,2002.0,"40,000",USA,Dave Mosley,1979.0,24.70 Billion USD,SEAGATE TECHNOLOGY
886,,"13,003",USA,Pedro J. Pizarro,1886.0,24.69 Billion USD,EDISON INTERNATIONAL
887,,"23,500",Canada,Tony Staffieri,1960.0,24.67 Billion USD,ROGERS COMMUNICATIONS
888,,"102,000",USA,Corie Barry,1966.0,24.66 Billion USD,BEST BUY
889,1993.0,"16,600",USA,Eugene A. Hall,1979.0,24.62 Billion USD,GARTNER
890,,"8,771",Spain,Maurici Lucena Betriu,2010.0,24.61 Billion USD,AENA S.M.E
891,,,China,,1993.0,24.57 Billion USD,SANAN OPTOELECTRONICS
892,,"18,500",USA,Christopher J. Swift,1810.0,24.53 Billion USD,HARTFORD FINANCIAL SERVICES GROUP
893,,"18,180",USA,Beth E. Mooney,1825.0,24.53 Billion USD,KEYCORP
894,,"33,603",Japan,Yoshihiro Hasebe,1887.0,24.51 Billion USD,KAO CORPORATION
895,,"40,010",Denmark,Cees 't Hart,1847.0,24.43 Billion USD,CARLSBERG A/S
896,,"119,658",China,,2001.0,24.42 Billion USD,KE HOLDINGS INC.
897,,"12,244",Japan,Yozo Shimano,1921.0,24.40 Billion USD,SHIMANO
898,,"48,770",Switzerland,Thomas Gottstein,1856.0,24.38 Billion USD,CREDIT SUISSE GROUP
899,,"1,414",Australia,Susan Lloyd-Hurwitz,1972.0,24.37 Billion USD,MIRVAC GROUP
900,,38,Canada,Paul J. Brink,2007.0,24.34 Billion USD,FRANCO-NEVADA CORPORATION
901,,"12,307",China,,1991.0,24.32 Billion USD,GF SECURITIES
902,,"2,900",Taiwan,,1954.0,24.31 Billion USD,FORMOSA PLASTICS CORPORATION
903,,"22,000",Germany,Niklas Oestberg,2011.0,24.27 Billion USD,DELIVERY HERO SE
904,2017.0,"3,000",USA,Anthony Wood,2002.0,24.24 Billion USD,ROKU
905,,"94,000",Switzerland,Frankie Ng,1878.0,24.21 Billion USD,SGS SA
906,,,Sweden,Johan Hjertonsson,1984.0,24.17 Billion USD,INVESTMENT AB LATOUR (PUBL)
907,,"15,900",Ireland,Vicente Reynal,1871.0,24.17 Billion USD,INGERSOLL-RAND (IRELAND)
908,,"7,500",USA,,,,CAPITAL GROUP
909,,,China,,2001.0,24.16 Billion USD,NAURA TECHNOLOGY GROUP
910,,"22,467",China,,1993.0,24.16 Billion USD,WINGTECH TECHNOLOGY
911,,"45,000",Malaysia,Abdul Farid Alias,1960.0,24.11 Billion USD,MALAYAN BANKING BERHAD
912,2014.0,"5,895",USA,Yamini Rangan,2006.0,24.08 Billion USD,HubSpot
913,,"36,597",Spain,Gonzalo Gortazar Rotaeche,2011.0,24.07 Billion USD,CAIXABANK
914,,"90,500",UK,,1999.0,24.02 Billion USD,BAE SYSTEMS
915,,"19,406",USA,John M. Turner Jr.,1971.0,23.95 Billion USD,REGIONS FINANCIAL CORPORATION
916,,,China,,1961.0,23.91 Billion USD,CHINA NORTHERN RARE EARTH (GROUP) HIGH-TECH
917,,"20,962",Japan,Hidetoshi Shibata,2002.0,23.78 Billion USD,RENESAS ELECTRONICS CORPORATION
918,,736,Japan,,2010.0,23.77 Billion USD,DAI-ICHI LIFE HOLDINGS
919,,"99,700",UK,Philip Jansen,1980.0,23.73 Billion USD,BT GROUP
920,,781,Denmark,Jan G. J. van de Winkel,1999.0,23.70 Billion USD,GENMAB A/S
921,,"3,073",Germany,,1966.0,23.68 Billion USD,HANNOVER RUCK SE
922,,"12,489",UK,Alistair Phillips-Davies,1998.0,23.67 Billion USD,SSE PLC
923,,"61,564",Japan,Hiroyuki Ogawa,1921.0,23.64 Billion USD,KOMATSU
924,,"12,395",USA,Steven E. Strah,1997.0,23.61 Billion USD,FIRSTENERGY
925,1997.0,"20,400",USA,Matthew John Flannery,1997.0,23.60 Billion USD,UNITED RENTALS
926,,"6,970",Kuwait,Isam Jasem Al Sager,1952.0,23.56 Billion USD,NATIONAL BANK OF KUWAIT
927,,,UK,,1909.0,23.53 Billion USD,SCOTTISH MORTGAGE INVESTMENT TRUST
928,,"13,000",Ireland,Dan Carestio,1985.0,23.49 Billion USD,STERIS
929,2015.0,"1,400",USA,Josh Silverman,2005.0,23.47 Billion USD,ETSY
930,,,China,,,23.47 Billion USD,AECC AVIATION POWER
931,,"9,591",Spain,Jose D. Bogas Galvez,1944.0,23.40 Billion USD,ENDESA
932,,"23,293",Germany,Frank Mastiaux,1997.0,23.39 Billion USD,ENBW ENERGIE BADEN-WURTTEMBERG AG
933,,"43,397",Hong Kong,,1999.0,23.39 Billion USD,CHINA MENGNIU DAIRY COMPANY
934,,"40,000",USA,Jeff Miller,1919.0,23.29 Billion USD,HALLIBURTON COMPANY
935,2016.0,"5,300",China,,2010.0,23.27 Billion USD,BEIGENE
936,,"10,000",China,,2018.0,23.23 Billion USD,JD HEALTH INTERNATIONAL INC
937,,"10,300",USA,Jerry Norcia,1903.0,23.19 Billion USD,DTE ENERGY COMPANY
938,,"15,000",Kuwait,Abdulwahab Iesa Alrushood,1977.0,23.13 Billion USD,KUWAIT FINANCE HOUSE
939,2014.0,"17,463",USA,,1828.0,23.11 Billion USD,CITIZENS FINANCIAL GROUP
940,,"20,465",Germany,Vincent Warnery,1882.0,23.06 Billion USD,BEIERSDORF
941,,"22,965",USA,Robert M. Bakish,2005.0,23.06 Billion USD,VIACOM CBS
942,,"14,000",UAE,Shayne Nelson,2007.0,23.04 Billion USD,EMIRATES NBD
943,,"14,508",Switzerland,Arnd Kaldowski,1947.0,23.02 Billion USD,SONOVA HOLDING AG
944,,"45,361",China,,2002.0,23.01 Billion USD,WEICHAI POWER
945,,"58,000",Hong Kong,,1950.0,23.01 Billion USD,CK ASSET HOLDINGS
946,,"8,200",Japan,Hisashi Ietsugu,1968.0,23.01 Billion USD,SYSMEX CORPORATION
947,,"38,247",Indonesia,,1998.0,23.01 Billion USD,PT BANK MANDIRI (PERSERO) TBK
948,,"72,584",China,,1985.0,22.98 Billion USD,ZTE CORPORATION
949,,"16,000",Canada,Charles Brindamour,1809.0,22.97 Billion USD,INTACT FINANCIAL CORPORATION
950,2016.0,,China,,2002.0,22.97 Billion USD,ZTO EXPRESS (CAYMAN)
951,,340,USA,James (Jim) Connor,1972.0,22.93 Billion USD,DUKE REALTY CORPORATION
952,,"15,000",USA,Prahlad Singh,1937.0,22.92 Billion USD,PERKINELMER
953,,"15,198",China,,1992.0,22.91 Billion USD,GUOTAI JUNAN SECURITIES
954,,"157,288",Philippines,Frederic DyBuncio,1958.0,22.82 Billion USD,SM INVESTMENTS CORPORATION
955,,"17,373",Sweden,Jens Henriksson,1997.0,22.82 Billion USD,SWEDBANK AB (PUBL)
956,,"10,516",China,,1990.0,22.81 Billion USD,HUATAI SECURITIES
957,,"17,569",USA,Rene F Jones,1856.0,22.77 Billion USD,M&T BANK CORPORATION
958,1993.0,"5,961",USA,Gary A. Shiffman,1975.0,22.76 Billion USD,SUN COMMUNITIES
959,,"9,116",USA,Warner L Baxter,1997.0,22.73 Billion USD,AMEREN CORPORATION
960,,"31,000",USA,Steve Cahillane,1906.0,22.72 Billion USD,KELLOGG COMPANY
961,,"54,000",USA,Lorenzo Simonelli,1907.0,22.72 Billion USD,BAKER HUGHES COMPANY
962,,"5,607",USA,Vincent Sorgi,1920.0,22.71 Billion USD,PPL CORPORATION
963,,"29,900",Canada,,1925.0,22.68 Billion USD,POWER CORPORATION OF CANADA
964,,"49,233",South Africa,Alan Pullinger,1998.0,22.66 Billion USD,FIRSTRAND
965,,"22,000",Hong Kong,Francis Lui,1988.0,22.55 Billion USD,GALAXY ENTERTAINMENT GROUP
966,,"46,000",Sweden,Magnus Groth,2017.0,22.55 Billion USD,ESSITY AB (PUBL)
967,,"12,369",USA,Leo P. Denault,1913.0,22.54 Billion USD,ENTERGY CORPORATION
968,,"15,000",USA,Paul Reilly,1962.0,22.49 Billion USD,RAYMOND JAMES FINANCIAL
969,1994.0,"1,757",USA,Michael J Schall,1971.0,22.41 Billion USD,ESSEX PROPERTY TRUST
970,,"14,068",China,,2003.0,22.40 Billion USD,SHANGHAI INTERNATIONAL PORT (GROUP)
971,,"6,825",USA,,,,EPIC Games
972,2021.0,"1,641",USA,Max Levchin,2012.0,22.37 Billion USD,"AFFIRM HOLDINGS, INC."
973,1998.0,"37,960",Ireland,Steve Cutler,1990.0,22.37 Billion USD,ICON PUBLIC COMPANY
974,,"13,500",USA,Michael Stubblefield,2017.0,22.31 Billion USD,AVANTOR
975,,"290,000",China,,2007.0,22.30 Billion USD,CHINA RAILWAY GROUP
976,,"78,490",Japan,,1959.0,22.29 Billion USD,KYOCERA CORPORATION
977,2004.0,"14,000",USA,,1985.0,16.90 Billion USD,WELLCARE HEALTH PLANS
978,,"71,812",Japan,Tetsuro Tomita,1987.0,22.27 Billion USD,EAST JAPAN RAILWAY COMPANY
979,,"1,395",Ireland,Timothy P Walbert,2005.0,22.27 Billion USD,HORIZON THERAPEUTICS PUBLIC COMPANY
980,,"6,147",Saudi Arabia,Tareq A. Al-Sadhan,1957.0,22.20 Billion USD,RIYAD BANK
981,2004.0,"1,854",USA,Joseph J. DePaolo,2001.0,22.17 Billion USD,SIGNATURE BANK
982,2015.0,"60,400",USA,Antonio Neri,2015.0,22.16 Billion USD,HEWLETT PACKARD ENTERPRISE COMPANY
983,,"13,430",Japan,Shingo Konomoto,1965.0,22.12 Billion USD,NOMURA RESEARCH INSTITUTE
984,,"31,700",UK,Amanda Blanc,2000.0,22.11 Billion USD,AVIVA
985,,"9,000",USA,Linda Rendle,1913.0,22.10 Billion USD,THE CLOROX COMPANY
986,,"22,000",Sweden,Carina Akerstrom,1871.0,22.07 Billion USD,SVENSKA HANDELSBANKEN AB (PUBL)
987,,"128,000",UK,George G. Weston,1935.0,22.07 Billion USD,ASSOCIATED BRITISH FOODS
988,,"125,236",India,C. P. Gurnani,1986.0,22.06 Billion USD,TECH MAHINDRA
989,2012.0,870,USA,Travis D. Stice,2007.0,22.02 Billion USD,DIAMONDBACK ENERGY
990,2016.0,"8,961",Canada,Ashutosh Raghuvanshi,1987.0,22.01 Billion USD,FORTIS
991,,"9,230",China,,1991.0,22.00 Billion USD,CHINA MERCHANTS SECURITIES
992,,"236,386",Germany,,1871.0,21.98 Billion USD,CONTINENTAL AG
993,,"20,000",Russia,Pavel Sergeevich Grachev,1921.0,21.98 Billion USD,PJSC POLYUS
994,,"39,035",Japan,Masahiko Uotani,1872.0,21.97 Billion USD,SHISEIDO COMPANY
995,,"18,000",Norway,Sigve Brekke,1855.0,21.97 Billion USD,TELENOR ASA
996,,355,UK,,1920.0,21.95 Billion USD,SEGRO
997,,"18,515",Spain,Ignacio Madridejos Fernandez,1952.0,21.93 Billion USD,FERROVIAL
998,,"6,527",Denmark,Ester Baiget,2000.0,21.91 Billion USD,NOVOZYMES A/S
999,,"33,342",Brazil,Harry Schmelzer Jr.,1961.0,21.89 Billion USD,WEG
