,rank,name,in 2021 ranking,in 2020 ranking,country,sector,absolute growth rate %,compound annual growth rate (cagr) %,revenue 2020 (€),revenue 2017 (€),number of employees 2020,number of employees 2017,founding year
0,1,Swappie,No,No,Finland,Technology,"19,152.82",477.43,"97,611,814","507,000",218.0,1,2016
1,2,Kilo Health,No,No,Lithuania,Health,"16,541.73",450.05,"57,318,766","344,428",177.0,10,2013
2,3,OCI,No,No,UK,Financial Services,"13,133.13",409.59,"568,322,073","4,325,512",32.0,4,2012
3,4,OnlyFans,No,No,UK,Technology,"11,928.05",393.63,"316,732,986","2,652,185",800.0,4,2016
4,5,Enpal,No,No,Germany,Energy,"11,441.27",386.88,"56,109,613","486,165",365.0,9,2017
5,6,MR Consulting,No,No,Germany,Waste management & recycling,"8,624.23",343.52,"13,165,586","150,908",9.0,2,2017
6,7,Thriva,No,No,UK,Health,"7,396.77",321.66,"18,732,563","251,668",57.0,12,2015
7,8,Exotec,No,No,France,Industrial Goods,"6,635.11",306.86,"47,597,000","706,700",200.0,15,2015
8,9,Winelivery,No,No,Italy,Ecommerce,"6,480.53",303.73,"7,337,290","111,500",10.0,1,2015
9,10,Instabox,No,No,Sweden,Technology,"6,287.13",299.73,"24,484,879","392,055",117.0,5,2015
10,11,Waterdrop,No,No,Austria,Food & Beverage,"5,957.94",292.74,"41,205,930","680,197",180.0,12,2016
11,12,One Lease,No,No,France,Support Services,"5,790.52",289.09,"9,015,211","153,046",11.0,2,2016
12,13,Datlas*,No,No,Italy,Technology,"5,713.76",287.39,"9,034,926","155,406",251.0,13,2017
13,14,Zego,No,No,UK,Fintech,"5,242.60",276.63,"12,158,046","229,201",224.0,36,2016
14,15,HCL-Logistics,No,No,Germany,Transport,"4,682.15",262.97,"11,387,156","238,118",24.0,5,2017
15,16,Popsa,No,No,UK,Technology,"4,649.68",262.15,"21,455,864","454,975",34.0,4,2016
16,17,Unit8,No,No,Switzerland,Technology,"4,377.53",255.1,"7,234,981","149,397",41.0,2,2017
17,18,Luoto Company,No,No,Finland,Technology,"4,303.97",253.14,"14,338,668","325,585",49.0,6,2016
18,19,Journi Print,No,No,Austria,Ecommerce,"4,165.75",249.41,"6,851,839","160,624",29.0,9,2014
19,20,Portify,No,No,France,Support Services,"4,118.60",248.11,"11,583,215","274,575",228.0,23,2017
20,21,Tibber,No,No,Norway,Energy,"4,104.02",247.71,"30,886,935","782,918",45.0,8,2015
21,22,Rascal Industry,No,No,Poland,Fashion,"4,029.49",245.65,"9,008,822","238,451",18.0,6,2013
22,23,Pegaso Security,No,No,Italy,Support Services,"3,943.64",243.23,"8,375,180","207,120",509.0,20,2017
23,24,Tide,No,No,UK,Fintech,"3,801.56",239.17,"16,136,633","416,562",581.0,72,2016
24,25,Euro Top Brand,No,No,Italy,Retail,"3,726.04",236.96,"13,888,900","363,010",1.0,1,2017
25,26,Bold Security Group,No,No,UK,Support Services,"3,356.60",225.75,"6,238,378","181,772",26.0,6,2011
26,27,Play Magnus Group,No,No,Norway,Games industry,"2,967.63",213.04,"6,461,790","214,673",140.0,10,2013
27,28,Blue Whale Growth Fund,No,No,UK,Financial Services,"2,957.41",212.69,"5,189,391","170,950",7.0,1,2016
28,29,Kazidomi,No,No,Belgium,Ecommerce,"2,950.29",212.45,"8,042,499","263,663",65.0,3,2016
29,30,Sun Finance,Yes,No,Latvia,Fintech,"2,899.26",210.7,"121,306,296","4,044,537",800.0,90,2012
30,31,Credimi,No,No,Italy,Financial Services,"2,859.83",209.33,"11,301,520","381,830",56.0,21,2015
31,32,SIRPLUS,No,No,Germany,Retail,"2,828.22",208.23,"4,540,000","155,043",133.0,8,2017
32,33,AIHR | Academy to Innovate HR,No,No,The Netherlands,Education,"2,752.08",205.53,"3,584,553","125,682",31.0,6,2016
33,34,Logistics Capital Partners (LCP),No,No,Luxembourg,Property,"2,744.13",205.25,"210,563,743","7,403,458",27.0,9,2015
34,35,Südwest Invest,No,No,Germany,Property,"2,660.84",202.24,"5,820,402","210,820",10.0,2,2017
35,36,CORADE (Plurimmo),No,No,France,Property,"2,646.07",201.7,"56,018,731","2,039,961",7.0,7,2000
36,37,Carranco,No,No,Spain,Food & Beverage,"2,589.10",199.6,"4,176,440","155,310",5.0,4,2006
37,38,Telemedi,No,No,Poland,Health,"2,572.52",198.98,"4,452,513","182,100",50.0,10,2014
38,39,Inkitt,No,No,Germany,Technology,"2,480.16",195.49,"5,926,970","229,713",56.0,22,2014
39,40,H.K.Trading,No,No,Italy,Retail,"2,438.64",193.9,"5,721,590","225,380",2.0,1,2016
40,41,Attest,No,No,UK,Technology,"2,424.14",193.34,"4,864,178","194,090",124.0,16,2015
41,42,LGM IMMOBILIER,No,No,France,Property,"2,416.78",193.05,"2,549,778","101,311",11.0,na,2016
42,43,Wolfram Chain*,No,No,The Netherlands,Management Consulting,"2,314.21",189.02,"2,431,371","100,711",29.0,7,2017
43,44,RightNow,No,No,Germany,Technology,"2,256.98",186.72,"8,951,132","379,771",38.0,3,2017
44,45,EO Charging,Yes,No,UK,Technology,"2,182.00",183.64,"17,158,962","757,323",63.0,7,2014
45,46,CheTariffa.it,No,No,Italy,Support Services,"2,164.85",182.93,"2,495,860","110,200",9.0,2,2013
46,47,Simply,No,No,UK,Financial Services,"2,131.19",181.52,"16,483,836","744,092",90.0,26,2017
47,48,Salary Finance,No,No,UK,Fintech,"2,130.67",181.5,"8,593,220","387,995",187.0,24,2015
48,49,DBT,No,No,Sweden,Fintech,"2,090.34",179.79,"3,837,994","179,204",10.0,2,2017
49,50,Tutlo,No,No,Poland,Education,"2,087.98",179.69,"7,778,203","388,565",140.0,15,2016
50,51,Ponera,No,No,France,Ecommerce,"2,082.38",179.45,"25,901,607","1,186,853",27.0,4,2013
51,52,Active Energy Solutions,No,No,Greece,Energy,"1,979.82",175.01,"13,312,033","640,056",2.0,0,2014
52,53,ACTEAM ENR,No,No,France,Energy,"1,966.73",174.43,"2,133,691","103,240",8.0,2,2012
53,54,Everflow,Yes,No,UK,Technology,"1,928.53",172.73,"64,223,085","3,188,715",70.0,8,2015
54,55,Azure Prism,No,No,UK,Retail,"1,909.48",171.87,"4,752,777","238,216",1.0,1,2016
55,56,WR Logistics,No,No,Germany,Transport,"1,892.58",171.11,"11,662,200","585,280",7.0,2,2017
56,57,iProov,No,No,UK,Technology,"1,889.07",170.95,"7,435,887","376,519",61.0,14,2011
57,58,Spin Up,No,No,Italy,Advertising,"1,865.84",169.89,"4,009,330","203,950",5.0,1,2017
58,59,BeGreat,No,No,Germany,Retail,"1,803.65",167.01,"5,141,555","270,090",16.0,4,2012
59,60,Tsunami Nutrition*,No,No,Italy,Ecommerce,"1,782.11",166.0,"6,945,000","369,000",17.0,2,2017
60,61,Matt Sleeps,No,No,The Netherlands,Interiors,"1,729.53",163.5,"9,789,240","535,070",6.0,2,2016
61,62,Tessian,No,No,UK,Technology,"1,702.70",162.21,"15,365,580","858,482",138.0,28,2013
62,63,Solarisbank,No,No,Germany,Financial Services,"1,690.63",161.62,"35,938,000","2,007,000",369.0,98,2016
63,64,M2DG (MyFlexoffice),No,No,France,Support Services,"1,666.64",160.45,"6,630,617","375,323",21.0,2,2016
64,65,Eukon,No,No,Italy,Health,"1,664.65",160.35,"6,393,680","362,320",11.0,2,2004
65,66,Evolution Adv,No,No,Italy,Advertising,"1,659.07",160.07,"14,175,780","805,870",13.0,3,2016
66,67,Making Science,Yes,Yes,Spain,Technology,"1,644.00",159.33,"57,670,541","3,306,795",274.0,47,2001
67,68,Everli,Yes,Yes,Italy,Ecommerce,"1,637.55",159.01,"109,248,030","6,287,460",207.0,45,2014
68,69,AppFollow,No,No,Finland,Technology,"1,624.69",158.37,"2,210,636","128,176",73.0,12,2014
69,70,Synerise,No,No,Poland,Technology,"1,613.70",157.82,"3,999,023","255,062",190.0,40,2013
70,71,ChaiKola,No,No,Poland,Food & Beverage,"1,604.74",157.37,"5,158,786","330,763",8.0,4,2010
71,72,Scolution,No,No,Germany,Technology,"1,598.31",157.04,"1,825,546","107,492",12.0,4,2015
72,73,JL&P,No,No,France,Energy,"1,586.90",156.47,"2,212,606","131,164",15.0,3,2017
73,74,eFarma.com,No,No,Italy,Pharmaceuticals,"1,579.82",156.11,"20,150,800","1,199,580",50.0,8,2017
74,75,Elvie,Yes,Yes,UK,Technology,"1,561.33",155.16,"40,813,930","2,474,341",138.0,22,2013
75,76,Farmarelax,No,No,Italy,Personal & Household Goods,"1,546.97",154.43,"4,459,170","270,750",5.0,1,2010
76,77,Omnisend,Yes,No,UK,Technology,"1,494.85",151.71,"11,761,268","742,746",99.0,20,2008
77,78,World Trade Group,No,No,Italy,Fashion,"1,459.11",149.82,"4,897,950","314,150",5.0,1,2017
78,79,BESTEAM Conseil,No,No,France,Technology,"1,453.83",149.54,"3,871,782","249,176",32.0,2,2016
79,80,Motorway,No,No,UK,Automobiles,"1,420.90",147.76,"4,838,407","320,411",96.0,5,2016
80,81,ISO Public Services,No,No,Germany,Technology,"1,389.24",146.03,"10,019,903","672,821",26.0,0,2014
81,82,Octopus Energy,Yes,No,UK,Energy,"1,368.58",144.89,"2,120,071,949","145,398,192",918.0,106,2015
82,83,CyberIAM*,No,No,UK,Cyber Security,"1,367.04",144.8,"5,639,335","387,161",82.0,8,2017
83,84,Cbweed*,No,No,Italy,Personal & Household Goods,"1,328.57",142.64,"3,500,000","245,000",17.0,2,2017
84,85,Catraport,No,No,Portugal,Automobiles,"1,306.55",141.39,"7,294,549","518,613",46.0,18,2015
85,86,OUIHELP,No,No,France,Support Services,"1,304.85",141.29,"3,686,617","262,421",106.0,13,2016
86,87,Inpay,Yes,No,Denmark,Fintech,"1,298.53",140.93,"23,803,000","1,702,000",67.0,33,2013
87,88,M.G.I. Meccaniche Generali Irpine,No,No,Italy,Industrial Goods,"1,283.67",140.07,"2,610,700","188,680",10.0,4,2017
88,89,Glencar Construction,Yes,No,UK,Construction,"1,269.90",139.27,"107,860,442","7,930,094",80.0,7,2016
89,90,Qmee,Yes,No,UK,Technology,"1,268.04",139.17,"12,571,314","925,527",23.0,9,2010
90,91,MyAppFree,No,No,Italy,Advertising,"1,264.72",138.97,"5,764,870","422,420",10.0,1,2015
91,92,Investa Dienstleistungen,No,No,Germany,Support Services,"1,262.58",138.85,"2,176,136","159,707",55.0,8,2014
92,93,Polarium Energy Solutions,Yes,No,Sweden,Batteries,"1,257.04",138.52,"74,065,413","5,581,858",58.0,19,2014
93,94,Baroni Home,No,No,Italy,Ecommerce,"1,254.32",138.36,"1,531,358","113,072",5.0,4,2016
94,95,Dayshape,No,No,UK,Technology,"1,251.43",138.19,"3,320,479","247,465",45.0,6,2013
95,96,Marketers Company,No,No,Italy,Advertising,"1,249.94",138.11,"1,880,460","139,300",8.0,3,2016
96,97,Easo Magno,No,No,Spain,Beauty,"1,242.47",137.67,"3,061,854","228,076",5.0,2,2017
97,98,Greyfood,No,No,Germany,Retail,"1,241.42",137.6,"9,187,050","684,874",10.0,1,2016
98,99,Misfits Health,No,No,UK,Food & Beverage,"1,234.31",137.18,"2,266,155","171,057",9.0,3,2016
99,100,MeilleursBiens.com,No,No,France,Property,"1,225.70",136.67,"3,864,176","291,481",5.0,1,2010
100,101,Fasanara Capital,No,No,UK,Financial Services,"1,216.25",136.11,"11,527,860","882,099",36.0,5,2011
101,102,NtechLab,No,No,Cyprus,Technology,"1,214.76",136.02,"8,730,000","664,000",122.0,44,2015
102,103,Babylino Sensitive,No,No,Italy,Personal & Household Goods,"1,211.43",135.82,"2,851,840","217,460",5.0,2,2016
103,104,Fastned,Yes,No,The Netherlands,Technology,"1,198.37",135.03,"6,890,000","530,667",54.0,24,2012
104,105,Oxray,No,No,Portugal,Health,"1,179.02",133.86,"5,465,756","427,339",6.0,2,2009
105,106,ZEGA Invest,No,No,Germany,Property,"1,163.47",132.91,"3,785,340","299,598",4.0,3,2017
106,107,Abylon Consulting,No,No,Hungary,Technology,"1,156.25",132.47,"1,721,315","159,128",7.0,2,2016
107,108,Milrab,No,No,Norway,Ecommerce,"1,151.36",132.16,"79,302,201","6,753,191",77.0,20,2005
108,109,Urbantz,No,No,Belgium,Technology,"1,150.62",132.12,"3,031,099","242,368",55.0,7,2015
109,110,Tricas Construction,No,No,UK,Construction,"1,148.16",131.97,"15,880,745","1,281,462",32.0,6,2017
110,111,Florence One,No,No,Italy,Technology,"1,137.06",131.28,"1,629,099","131,691",10.0,6,2017
111,112,Ergotopia,No,No,Germany,Retail,"1,135.70",131.19,"7,664,825","620,283",35.0,8,2014
112,113,Mcule.com Kft.,Yes,No,Hungary,Chemicals & Pharmaceuticals,"1,133.10",131.03,"2,683,264","252,713",17.0,5,2011
113,114,Filo,No,No,Italy,Technology,"1,132.04",130.96,"10,049,610","815,690",18.0,9,2014
114,115,Homepal,No,No,Italy,Property,"1,131.09",130.9,"1,603,990","130,290",11.0,4,2014
115,116,Staffbase,No,No,Germany,Technology,"1,121.82",130.32,"26,894,501","2,201,178",310.0,55,2014
116,117,ILON MATERIEL,No,No,France,Construction,"1,111.76",129.69,"2,512,300","207,327",4.0,2,2016
117,118,Bio-marine,No,No,Ireland,Personal & Household Goods,"1,110.84",129.63,"1,612,837","133,200",25.0,7,2014
118,119,ISODECO,No,No,France,Construction,"1,103.81",129.18,"2,906,133","241,411",18.0,2,2016
119,120,Treedom,No,No,Italy,Support Services,"1,097.84",128.81,"6,709,720","560,150",42.0,18,2010
120,121,Fenstermaxx24,No,No,Germany,Retail,"1,087.64",128.15,"8,466,121","712,855",20.0,3,2016
121,122,Pohl & Söhne Gerüstbau,No,No,Germany,Construction,"1,075.04",127.34,"2,124,763","180,824",31.0,7,2017
122,123,YSO CORP,No,No,France,Media,"1,073.57",127.25,"6,689,503","570,012",13.0,3,2013
123,124,Gyada Cosmetics,No,No,Italy,Beauty,"1,072.49",127.18,"1,830,610","156,130",10.0,2,2017
124,125,Privitar,Yes,No,UK,Technology,"1,068.59",126.93,"9,923,965","855,321",190.0,47,2014
125,126,Delineate,No,No,UK,Technology,"1,065.09",126.7,"3,332,661","288,095",25.0,1,2015
126,127,Spyrosoft,Yes,No,Poland,Technology,"1,061.67",126.48,"24,721,755","2,326,082",563.0,75,2016
127,128,Bio Energy Solutions,No,No,Slovakia,Waste management & recycling,"1,057.21",126.19,"16,006,537","1,383,205",37.0,6,2014
128,129,Increso,No,No,Italy,Management Consulting,"1,049.47",125.68,"3,230,000","281,000",51.0,2,2015
129,130,LSG - Logistic & Service Group,No,No,Italy,Transport,"1,041.38",125.15,"8,873,180","777,410",46.0,1,2016
130,131,Energihem,No,No,Sweden,Construction,"1,033.39",124.63,"28,004,684","2,527,006",125.0,19,2015
131,132,Amity,No,No,UK,Technology,"1,019.79",123.72,"5,743,440","522,712",164.0,48,2012
132,133,Goyago,No,No,Germany,Retail,"1,005.08",122.74,"3,729,920","337,525",43.0,4,2014
133,134,LA REGIE DE PORTAGE SALARIAL,No,No,France,Support Services,"1,003.16",122.61,"7,638,731","692,440",140.0,23,2016
134,135,Dall Energy,Yes,Yes,Denmark,Energy,991.29,121.81,"6,013,000","551,000",15.0,5,2007
135,136,Appinio,No,No,Germany,Technology,988.35,121.61,"3,597,000","330,500",44.0,5,2014
136,137,Pinsami,No,No,Italy,Food & Beverage,975.16,120.71,"4,892,000","455,000",33.0,14,2015
137,138,AER TRADING,No,No,France,Retail,969.96,120.35,"17,575,388","1,643,572",1.0,1,2013
138,139,VALUMEN,No,No,France,Support Services,968.54,120.26,"2,196,424","205,554",4.0,1,2014
139,140,Follow,No,No,France,Advertising,964.02,119.95,"6,844,818","643,299",14.0,4,2016
140,141,Darpdecade,No,No,Germany,Retail,954.24,119.27,"6,624,660","628,384",173.0,4,2016
141,142,Bolt,Yes,Yes,Estonia,Technology,949.32,118.93,"221,393,889","21,098,843",1798.0,399,2013
142,143,Kiteworldshop.com,No,No,Italy,Ecommerce,941.48,118.38,"1,671,984","160,539",5.0,2,2014
143,144,Peter Kenkel,No,Yes,Germany,Retail,938.81,118.2,"22,137,000","2,131,000",19.0,10,2006
144,145,Templafy,Yes,No,Denmark,Technology,937.64,118.11,"15,486,451","1,521,010",292.0,32,2014
145,146,Comservice,No,No,Italy,Support Services,935.17,117.94,"2,016,300","194,780",99.0,17,2014
146,147,Falcor Presse,No,No,Italy,Industrial Goods,927.28,117.38,"2,996,770","291,720",5.0,1,2017
147,148,RoomRaccoon,No,No,The Netherlands,Technology,927.15,117.38,"1,715,334","167,000",40.0,8,2017
148,149,Signaturit,Yes,Yes,Spain,Technology,921.07,116.95,"5,639,953","552,355",95.0,37,2013
149,150,Modulr,No,No,UK,Fintech,914.74,116.5,"12,789,098","1,269,382",191.0,31,2015
150,151,PROFISHOP,No,No,Germany,Ecommerce,909.37,116.11,"43,812,068","4,340,517",63.0,17,2012
151,152,Floer,No,No,The Netherlands,Interiors,908.11,116.02,"2,520,013","249,975",15.0,2,2015
152,153,Audiosalus,No,No,Italy,Retail,904.15,115.74,"1,569,480","156,300",12.0,4,2011
153,154,StatsBomb,No,No,UK,Technology,897.81,115.29,"2,027,170","204,620",26.0,2,2016
154,155,Theras Biocare,Yes,No,Italy,Pharmaceuticals,888.84,114.64,"26,633,230","2,693,390",8.0,2,2013
155,156,Stenn,No,No,UK,Fintech,886.94,114.5,"29,615,571","3,058,141",61.0,32,2016
156,157,Nanushka,Yes,Yes,Hungary,Fashion,884.55,114.33,"20,825,934","2,456,563",180.0,30,2012
157,158,DPM - Deutsches Personal Management,Yes,No,Germany,Support Services,882.56,114.18,"2,267,760","230,800",60.0,10,2016
158,159,Monese,No,No,UK,Fintech,880.00,114.0,"18,196,451","1,870,109",243.0,84,2013
159,160,Arquimea,Yes,No,Spain,Technology,867.03,113.05,"72,044,361","7,450,099",288.0,40,2005
160,161,Groupe PERSPECTIVE,No,No,France,Education,866.15,112.98,"2,709,000","280,390",18.0,4,2013
161,162,Funnel,Yes,No,Sweden,Technology,866.06,112.98,"11,499,031","1,217,338",155.0,37,2014
162,163,Living Quarter,No,No,Germany,Health,847.68,111.62,"5,016,731","529,371",49.0,5,2015
163,164,Svea Solar,No,No,Sweden,Energy,842.47,111.23,"66,146,911","7,177,912",287.0,38,2013
164,165,Bevcraft Group,No,No,Ireland,Food & Beverage,842.21,111.21,"4,046,859","429,505",16.0,6,2016
165,166,Learning Technologies Group,Yes,No,UK,Technology,834.19,110.61,"19,446,429","2,096,570",932.0,767,2013
166,167,Cura Farma,No,No,Italy,Health,825.58,109.96,"4,436,220","479,290",9.0,2,2014
167,168,Kamado Bono,No,No,Lithuania,Personal & Household Goods,824.45,109.88,"6,801,734","735,758",7.0,2,2013
168,169,SIPADAN,No,No,Spain,Management Consulting,823.89,109.83,"3,457,203","374,200",47.0,3,2007
169,170,Dateio,No,No,Czech Republic,Fintech,812.34,108.95,"4,710,733","530,785",45.0,18,2013
170,171,CREST Investment,Yes,No,Germany,Property,811.16,108.86,"4,857,817","533,144",16.0,4,2016
171,172,Componenti Digitali,No,No,Italy,Retail,808.60,108.67,"2,805,850","308,810",19.0,2,2017
172,173,IMMO-KONZEPTE,No,No,Germany,Property,797.40,107.81,"2,269,276","252,871",6.0,3,2006
173,174,SwipBox,No,No,Denmark,Technology,792.08,107.4,"9,391,760","1,052,796",41.0,3,2014
174,175,Nextory,No,No,Sweden,Media,790.71,107.29,"26,534,087","3,046,667",85.0,9,2015
175,176,ITDS Polska,Yes,No,Poland,Technology,789.96,107.23,"8,609,941","1,057,443",176.0,32,2016
176,177,Savait,No,No,Italy,Ecommerce,787.93,107.07,"2,108,040","237,410",5.0,4,2015
177,178,Adpone,Yes,No,Spain,Advertising,786.15,106.94,"11,124,512","1,255,372",18.0,3,2015
178,179,Nord Security,No,No,Lithuania,Cyber Security,785.05,106.85,"156,623,915","18,035,029",1000.0,350,2012
179,180,Mews,Yes,No,The Netherlands,Technology,784.47,106.81,"22,386,000","2,531,000",226.0,25,2012
180,181,Titulae,No,No,Spain,Education,783.80,106.75,"4,870,863","551,128",35.0,9,2015
181,182,systeme.io,No,No,Ireland,Ecommerce,780.26,106.48,"2,407,982","273,552",40.0,5,2016
182,183,EODH SA,No,No,Greece,Aerospace & Defence,765.91,105.35,"2,597,612","299,988",30.0,20,2003
183,184,Multix solutions,Yes,No,Italy,Health,764.38,105.23,"11,586,460","1,340,430",5.0,2,2015
184,185,B2DIGIT,No,No,France,Technology,763.88,105.19,"1,978,128","228,982",12.0,2,2016
185,186,A Million Ads,No,No,UK,Advertising,761.93,105.03,"4,882,837","570,564",47.0,5,2015
186,187,WoodWatch,Yes,No,The Netherlands,Retail,758.51,104.76,"5,590,390","651,170",25.0,5,2013
187,188,Fenêtres du Doubs,No,No,France,Construction,753.42,104.36,"2,238,347","262,280",12.0,3,2010
188,189,Koesea,No,No,Germany,Construction,750.00,104.08,"3,400,000","400,000",65.0,3,2016
189,190,Podium Advanced Technologies,Yes,Yes,Italy,Automobiles,744.97,103.68,"18,025,740","2,133,310",38.0,14,2011
190,191,SPEGRA,No,No,Croatia,Construction,744.07,103.61,"17,059,791","2,025,879",166.0,109,2010
191,192,GPAINNOVA,Yes,Yes,Spain,Industrial Goods,739.66,103.25,"15,245,617","1,815,680",117.0,18,2013
192,193,Soluzione Tasse,No,No,Italy,Management Consulting,736.20,102.97,"18,939,430","2,264,940",23.0,4,2016
193,194,Velocultour,No,No,Germany,Retail,731.33,102.58,"2,458,500","295,731",15.0,2,2016
194,195,butorpiac.hu,No,No,Hungary,Ecommerce,731.00,102.55,"2,184,336","305,268",7.0,2,2011
195,196,Success Solutions,No,No,Czech Republic,Technology,727.39,102.26,"2,633,664","327,218",44.0,8,2016
196,197,Bug Bite Thing Europe,No,No,Denmark,Health,722.29,101.84,"1,577,878","191,679",1.0,1,1989
197,198,Dexatel,Yes,Yes,Estonia,Technology,721.49,101.78,"11,087,980","1,349,733",24.0,4,2015
198,199,Gemco,No,No,Italy,Construction,718.65,101.54,"3,941,900","481,510",6.0,1,2015
199,200,Lyonnaise de Construction et Renovation,No,No,France,Construction,717.46,101.44,"6,640,842","812,371",,,2015
200,201,Gousto,Yes,Yes,UK,Food & Beverage,713.62,101.13,"210,945,370","26,112,757",702.0,204,2012
201,202,Winter in Venice,No,No,UK,Beauty,710.72,100.89,"12,682,062","1,575,522",6.0,4,2010
202,203,Infratech Bau,Yes,Yes,Germany,Construction,710.04,100.83,"60,067,088","7,415,334",72.0,18,2007
203,204,4Streets Building Innovation Tunnels Bridges Roads,No,No,Italy,Construction,708.86,100.74,"6,739,630","833,230",46.0,3,2016
204,205,Landbay,Yes,Yes,UK,Fintech,708.18,100.68,"8,980,496","1,119,178",95.0,31,2013
205,206,Degoo,No,No,Sweden,Technology,708.03,100.67,"1,973,775","249,818",18.0,3,2012
206,207,Franco Fresco,Yes,Yes,Germany,Food & Beverage,707.67,100.64,"50,723,858","6,280,267",320.0,52,2016
207,208,Lendable,No,No,UK,Fintech,707.63,100.63,"40,305,193","5,026,349",84.0,25,2014
208,209,Ulrich Müller Wealth Academy,No,No,Germany,Education,698.59,99.88,"3,516,744","440,369",6.0,2,2014
209,210,cerascreen,Yes,Yes,Germany,Health,698.46,99.87,"10,499,782","1,315,000",84.0,19,2012
210,211,Eqinov,Yes,No,France,Energy,696.48,99.71,"70,183,744","8,811,708",43.0,24,2011
211,212,Serre Famiglia Pederiva Viticoltori dal 1958,No,No,Italy,Food & Beverage,695.08,99.59,"9,022,020","1,134,730",12.0,7,1996
212,213,Bloom & Wild,No,No,UK,Ecommerce,693.19,99.43,"155,595,726","19,757,296",170.0,68,2013
213,214,Bräutigam,No,No,Germany,Automobiles,693.15,99.43,"6,315,124","796,207",29.0,9,2016
214,215,Newil & Bau,Yes,No,Finland,Construction,693.05,99.42,"19,420,672","2,448,858",7.0,1,2006
215,216,ID Finance,Yes,Yes,Spain,Fintech,687.67,98.97,"103,634,000","13,157,000",411.0,271,2015
216,217,Kry,No,No,Sweden,Health,683.39,98.61,"77,764,611","10,152,222",600.0,74,2014
217,218,Sixth Sense,Yes,No,Italy,Technology,682.63,98.54,"3,916,570","500,440",25.0,4,2015
218,219,Nethive,Yes,No,Italy,Cyber Security,681.63,98.46,"3,960,770","506,730",19.0,7,2014
219,220,Latitude Investment Management,No,No,UK,Financial Services,680.23,98.34,"1,750,466","225,964",8.0,3,2016
220,221,Qred,Yes,Yes,Sweden,Fintech,679.70,98.29,"30,414,122","3,989,355",68.0,10,2015
221,222,oculavis,No,No,Germany,Technology,678.11,98.16,"3,924,472","504,357",55.0,15,2016
222,223,The Information Lab,No,No,Italy,Technology,675.86,97.97,"4,253,110","548,180",30.0,5,2015
223,224,MD Sonnenschutztechnik,No,No,Germany,Construction,675.34,97.92,"4,068,621","524,750",10.0,6,2015
224,225,Syntio,No,No,Croatia,Technology,673.74,97.79,"2,127,532","274,966",43.0,7,2017
225,226,Bomae,No,No,Denmark,Financial Services,673.44,97.76,"1,662,487","214,713",13.0,3,2016
226,227,Gophr,No,No,UK,Technology,665.31,97.07,"5,738,336","755,191",18.0,6,2014
227,228,Memory PC,Yes,No,Germany,Retail,662.76,96.85,"57,375,000","7,522,000",110.0,20,2012
228,229,Sollis Solargroßhandel,No,No,Germany,Retail,661.92,96.77,"11,860,100","1,556,607",6.0,2,2017
229,230,Spotawheel,Yes,No,Greece,Automobiles,660.16,96.62,"15,646,588","2,058,315",123.0,37,2015
230,231,Ooni Pizza Ovens,Yes,Yes,UK,Personal & Household Goods,656.17,96.28,"63,879,414","8,508,398",83.0,18,2012
231,232,Robovox Distributions,No,No,Germany,Retail,655.91,96.26,"19,427,000","2,570,000",35.0,10,2015
232,233,CentralNic Group,No,No,UK,Technology,655.01,96.18,"197,260,279","26,626,422",650.0,92,2000
233,234,Bernd Andert Transporte,No,No,Germany,Transport,651.57,95.88,"4,105,262","546,226",83.0,16,2003
234,235,Bluewater Bio,No,No,UK,Technology,651.07,95.84,"20,201,424","2,708,983",18.0,16,2007
235,236,Tecma Solutions,Yes,Yes,Italy,Technology,650.65,95.8,"7,319,870","975,140",107.0,25,2012
236,237,Delante,Yes,No,Poland,Sales & Marketing,645.92,95.39,"2,160,094","316,525",48.0,21,2015
237,238,intumind,Yes,No,Germany,Health,641.45,95.0,"6,560,962","884,885",15.0,8,2015
238,239,Saljol,No,No,Germany,Health,640.72,94.93,"4,146,403","559,778",15.0,10,2016
239,240,TKD Solutions,No,No,Germany,Telecoms,639.39,94.82,"15,874,245","2,146,950",20.0,9,2014
240,241,Kuori,No,No,Finland,Technology,635.85,94.5,"2,501,902","340,000",15.0,5,2016
241,242,Ferroamp,Yes,No,Sweden,Energy,635.77,94.5,"7,645,003","1,062,649",42.0,21,2010
242,243,Valor Real Estate Partners,No,No,UK,Financial Services,634.70,94.4,"4,534,588","621,636",23.0,6,2016
243,244,Anexiti,No,No,France,Technology,633.03,94.26,"2,565,735","350,019",14.0,2,2013
244,245,GENIUS,No,No,France,Support Services,631.54,94.12,"2,417,902","330,522",23.0,6,2017
245,246,Instilla,Yes,No,Italy,Advertising,629.15,93.91,"2,993,310","410,520",31.0,3,2015
246,247,FOOTDISTRICT,Yes,Yes,Spain,Ecommerce,628.49,93.85,"14,942,262","2,051,133",60.0,12,2012
247,248,Spiideo,Yes,No,Sweden,Technology,627.38,93.76,"4,799,358","674,805",36.0,12,2012
248,249,ContractPodAi,No,No,UK,Technology,626.96,93.72,"4,875,622","670,685",118.0,14,2012
249,250,Tarhan Bauausführungen,No,No,Germany,Construction,625.88,93.62,"1,851,000","255,000",15.0,5,2017
250,251,Matillion,No,No,UK,Technology,624.36,93.49,"24,580,709","3,417,815",218.0,44,2010
251,252,Extra Mile Live Service,No,No,Germany,Retail,623.62,93.42,"2,637,501","364,485",5.0,2,2017
252,253,LITTLEBIG CONNECTION,No,Yes,France,Support Services,612.55,92.43,"111,538,883","15,653,388",173.0,17,2013
253,254,SPC General Service,Yes,No,Italy,Construction,611.08,92.3,"6,788,660","954,700",50.0,15,2011
254,255,jobandtalent,Yes,Yes,Spain,Technology,608.12,92.03,"352,879,165","49,833,511",801.0,156,2008
255,256,Financial House,No,No,UK,Fintech,608.11,92.03,"18,766,625","2,669,247",20.0,14,2016
256,257,MyLead,No,No,Poland,Sales & Marketing,607.97,92.02,"2,004,501","309,471",42.0,8,2013
257,258,Mia-Platform,Yes,Yes,Italy,Technology,605.35,91.78,"6,515,510","923,730",74.0,15,2016
258,259,Tecnimed,No,No,Italy,Health,604.94,91.74,"9,551,790","1,354,980",32.0,20,1976
259,260,Longevity Partners,No,No,UK,Retail,601.43,91.42,"2,336,243","335,460",22.0,5,2015
260,261,NexumStp,Yes,Yes,Italy,Management Consulting,601.37,91.42,"25,667,400","3,659,630",345.0,56,2015
261,262,G-ON,No,No,France,Support Services,598.10,91.12,"1,810,459","259,342",16.0,3,2016
262,263,Picnic,No,No,UK,Advertising,590.77,90.45,"1,508,869","219,999",10.0,3,2016
263,264,Egomnia,No,No,Italy,Technology,586.95,90.1,"1,901,140","276,750",36.0,2,2012
264,265,LoyaltyLion,No,No,UK,Technology,586.89,90.09,"4,483,296","657,382",40.0,10,2012
265,266,reMarkable,No,No,Norway,Technology,581.48,89.59,"115,793,390","18,106,514",142.0,22,2016
266,267,Kubrick,Yes,No,UK,Management Consulting,580.10,89.46,"32,614,354","4,829,922",673.0,119,2016
267,268,Contrader,Yes,No,Italy,Technology,579.81,89.44,"4,682,960","688,860",35.0,7,2012
268,269,SAMONT,Yes,No,Germany,Industrial Goods,579.56,89.41,"19,577,339","2,880,891",89.0,39,2008
269,270,Sirive,No,No,Italy,Construction,578.64,89.33,"4,527,690","667,170",5.0,1,2017
270,271,Multienergia Verde,No,No,Spain,Energy,576.76,89.15,"146,453,604","21,640,253",15.0,10,2014
271,272,Wielandts UPMT,No,No,Belgium,Technology,575.79,89.06,"1,529,270","226,295",6.0,1,2013
272,273,ASKET,No,No,Sweden,Fashion,573.05,88.81,"6,525,278","991,534",13.0,4,2015
273,274,Central Warehouse Solution,No,No,Czech Republic,Transport,569.09,88.44,"1,788,545","274,790",45.0,10,2015
274,275,Chef in Camicia,No,No,Italy,Advertising,566.63,88.2,"2,071,960","310,810",21.0,2,2015
275,276,Piper Homes,No,No,UK,Construction,566.22,88.17,"30,436,232","4,601,266",28.0,9,2015
276,277,Alturas Cubiertas Y Fachadas,No,No,Spain,Construction,564.06,87.96,"9,375,243","1,411,811",33.0,12,2014
277,278,Autosalon Uhingen,No,No,Germany,Automobiles,563.94,87.95,"10,540,000","1,587,500",11.0,2,2015
278,279,Yumi Beauty,No,No,France,Chemicals & Pharmaceuticals,561.59,87.73,"2,678,257","404,819",5.0,1,2013
279,280,FOR ME LAB,No,No,France,Ecommerce,556.12,87.21,"1,652,073","251,795",7.0,2,2016
280,281,Stockholms Elbolag,No,No,Sweden,Energy,555.65,87.16,"32,265,912","5,033,032",25.0,7,2015
281,282,Flohr,No,No,Germany,Waste management & recycling,555.52,87.15,"21,249,638","3,241,629",84.0,21,1999
282,283,Agricodem,No,No,Italy,Agricultural Commodities,554.25,87.03,"2,856,530","436,610",4.0,1,2008
283,284,DACH Schutzbekleidung,No,No,Germany,Industrial Goods,552.07,86.82,"45,227,730","6,936,038",80.0,14,2005
284,285,EM-Tec Energiemontagen,No,No,Germany,Construction,551.35,86.75,"3,002,729","461,000",16.0,7,2017
285,286,Wave Studio,No,No,Romania,Technology,550.00,86.63,"4,105,688","656,172",9.0,8,2014
286,287,bazzar,No,No,Croatia,Retail,548.14,86.45,"6,686,617","1,034,093",17.0,3,2013
287,288,Cybersprint,Yes,No,The Netherlands,Cyber Security,548.05,86.44,"2,914,738","449,771",43.0,10,2015
288,289,Brandon Group,Yes,No,Italy,Ecommerce,546.65,86.3,"32,039,000","4,954,590",34.0,19,2012
289,290,Feiniko Handelsgesellschaft,Yes,Yes,Germany,Retail,546.03,86.24,"32,168,909","4,979,484",13.0,1,2014
290,291,PharmaGrin,No,No,Italy,Health,539.22,85.59,"2,701,410","422,610",21.0,2,2015
291,292,Life M,No,No,Czech Republic,Technology,538.99,85.57,"2,001,844","322,050",3.0,1,2016
292,293,Plásticos Dão / Sacos & Saquetas,No,No,Portugal,Industrial Goods,538.61,85.53,"1,946,703","304,833",16.0,5,2012
293,294,Logipal24,Yes,No,Germany,Transport,529.56,84.65,"4,967,568","789,058",70.0,19,2010
294,295,PastBook,Yes,Yes,The Netherlands,Technology,527.70,84.47,"33,651,532","5,361,088",22.0,23,2012
295,296,Bluefin,Yes,No,UK,Ecommerce,527.48,84.45,"28,993,287","4,653,721",21.0,6,2013
296,297,Milk & Honey PR,No,No,UK,Sales & Marketing,526.03,84.3,"1,528,900","245,974",18.0,4,2016
297,298,Prodeval,No,No,France,Energy,525.30,84.23,"73,514,217","11,756,712",220.0,70,1990
298,299,Virta,Yes,Yes,Finland,Technology,524.73,84.18,"11,029,402","1,765,457",110.0,23,2013
299,300,BizAway,Yes,No,Italy,Travel & Leisure,523.93,84.1,"1,989,950","318,940",28.0,4,2015
300,301,Karl & Léon,No,No,France,Retail,520.62,83.77,"2,391,019","385,266",6.0,2,2015
301,302,Identity,No,No,UK,Management Consulting,517.38,83.45,"22,885,804","3,733,539",80.0,39,2001
302,303,BlackBelt Holding,No,No,Hungary,Technology,517.01,83.41,"5,695,000","923,000",55.0,4,2016
303,304,DYNVEO,No,No,France,Retail,515.99,83.31,"3,687,780","598,678",13.0,1,2010
304,305,Favi,No,No,Czech Republic,Ecommerce,515.51,83.26,"24,995,030","4,174,549",29.0,7,2016
305,306,Hopkins,No,No,Finland,Sales & Marketing,514.46,83.16,"4,534,346","737,936",27.0,4,2016
306,307,AP Italian Luxury,Yes,No,Italy,Fashion,513.48,83.06,"4,283,930","698,300",7.0,3,2016
307,308,Novicap,Yes,Yes,UK,Fintech,513.18,83.03,"3,383,802","551,848",45.0,20,2015
308,309,IGLM Store,No,No,Italy,Ecommerce,509.86,82.7,"7,790,420","1,277,410",5.0,1,2013
309,310,LUIS Technology,No,No,Germany,Technology,507.97,82.51,"10,000,511","1,644,899",41.0,8,1999
310,311,Quantexa,Yes,No,UK,Fintech,505.07,82.22,"33,902,755","5,643,295",275.0,55,2016
311,312,Enerbrain,No,No,Italy,Energy,502.79,81.99,"4,131,370","685,370",37.0,9,2014
312,313,Brinckmann,No,No,Germany,Construction,502.19,81.93,"6,037,461","1,002,579",28.0,7,2013
313,314,LMG Building,Yes,No,Italy,Construction,499.55,81.67,"6,255,970","1,043,440",12.0,6,1982
314,315,Nordic Unmanned,Yes,No,Norway,Aerospace & Defence,498.36,81.55,"6,305,237","1,122,907",33.0,12,2013
315,316,Hemisphere,No,No,France,Property,493.89,81.09,"6,484,822","1,091,925",6.0,2,2017
316,317,therapiezentrum.com NW,No,No,Germany,Health,491.72,80.87,"2,916,337","492,860",87.0,23,2017
317,318,Beauhurst,No,No,UK,Technology,488.50,80.54,"5,355,215","916,511",82.0,39,2010
318,319,C.U.N. Cargo Carriers,No,No,Romania,Transport,488.24,80.52,"7,103,702","1,207,613",49.0,43,2017
319,320,MG Project,Yes,No,Italy,Telecoms,487.83,80.48,"8,208,450","1,396,400",34.0,23,2016
320,321,BONMEA,Yes,No,Germany,Retail,487.47,80.44,"14,597,418","2,484,783",6.0,3,2015
321,322,Oceanis Yachts,No,No,Italy,Travel & Leisure,486.88,80.38,"3,059,130","521,250",6.0,2,2007
322,323,OPUS DB,No,No,France,Construction,486.24,80.31,"12,171,118","2,076,139",8.0,2,2016
323,324,Devensys Cybersecurity,No,No,France,Technology,486.08,80.3,"3,403,055","580,644",27.0,9,2013
324,325,Project Agora,No,No,Cyprus,Advertising,485.69,80.26,"19,798,875","3,380,420",104.0,25,2016
325,326,BETTERTRUST,No,No,Germany,Advertising,483.67,80.05,"4,981,938","853,561",19.0,5,2012
326,327,Banale,No,No,Italy,Ecommerce,482.78,79.96,"2,051,370","352,000",10.0,3,2014
327,328,Maatwerk Online,No,No,The Netherlands,Sales & Marketing,481.07,79.78,"1,673,382","287,985",17.0,5,2013
328,329,Les constructeurs du bois,No,No,France,Property,479.95,79.67,"5,087,783","877,275",6.0,1,2011
329,330,Esserre Pharma,No,No,Italy,Pharmaceuticals,479.40,79.61,"2,556,640","441,260",10.0,6,2013
330,331,OnBuy.com,No,No,UK,Ecommerce,478.83,79.55,"2,720,319","473,344",18.0,8,2014
331,332,Gojob,Yes,No,France,Support Services,478.65,79.53,"40,546,000","7,007,000",108.0,27,2015
332,333,Newroom,No,No,Germany,Retail,474.45,79.09,"3,669,217","638,739",10.0,6,2016
333,334,Christmas the Original,No,No,Italy,Retail,474.38,79.09,"1,994,200","347,190",9.0,3,2016
334,335,Dimaxbau,No,No,Germany,Construction,473.16,78.96,"2,003,989","349,641",16.0,5,2016
335,336,Comnovis IT,No,No,Germany,Technology,471.65,78.8,"1,900,000","332,372",9.0,2,2013
336,337,Die Direktkontakter,No,No,Germany,Support Services,471.60,78.8,"2,818,000","493,000",8.0,4,2016
337,338,Mega Trasporti,Yes,No,Italy,Transport,470.40,78.67,"18,168,170","3,185,180",400.0,30,2010
338,339,LeHibou,Yes,No,France,Technology,470.21,78.65,"13,816,792","2,423,113",40.0,9,2014
339,340,Stufe A Pellet Italia,Yes,No,Italy,Interiors,469.76,78.61,"3,598,050","631,500",13.0,3,2014
340,341,Aquis Exchange,Yes,Yes,UK,Financial Services,469.71,78.6,"12,824,155","2,267,165",46.0,31,2012
341,342,Chattermill,Yes,No,UK,Technology,468.80,78.51,"2,306,045","408,336",50.0,8,2015
342,343,SchönerTel,No,No,Germany,Construction,468.18,78.44,"16,388,546","2,884,392",45.0,10,2016
343,344,Global Work,Yes,Yes,Italy,Telecoms,467.98,78.42,"3,174,000","558,820",57.0,8,2011
344,345,allygatr,No,No,Germany,Support Services,465.92,78.2,"1,914,500","338,300",9.0,1,2012
345,346,Cru Wine,Yes,Yes,UK,Food & Beverage,465.78,78.19,"9,235,946","1,644,134",14.0,3,2013
346,347,Abc Rent,Yes,No,Italy,Automobiles,462.56,77.85,"21,818,000","3,878,370",8.0,5,2004
347,348,Superior Wellness,No,No,UK,Personal & Household Goods,461.12,77.7,"54,150,622","9,719,653",57.0,20,2011
348,349,Schrott24,No,No,Austria,Waste management & recycling,460.83,77.67,"14,641,523","2,610,679",12.0,3,2016
349,350,Mazzoni Etech,No,No,Italy,Industrial Goods,459.21,77.5,"2,344,440","419,240",14.0,3,2017
350,351,Berdugo Immobilier,No,No,France,Property,458.13,77.38,"15,049,845","2,696,485",6.0,4,1996
351,352,Nova rent,No,No,Lithuania,Industrial Goods,456.25,77.18,"8,900,000","1,600,000",37.0,9,2016
352,353,Rouvy,No,No,Czech Republic,Games industry,455.45,77.1,"4,058,269","751,071",38.0,13,2013
353,354,Business Analysis & Legal Expertise - B.A.L.E.,No,No,Italy,Management Consulting,452.48,76.78,"2,943,020","532,690",4.0,3,2015
354,355,JMB,No,No,Poland,Energy,452.20,76.75,"70,179,000","12,709,000",381.0,172,2000
355,356,NOCNOC,No,No,France,Travel & Leisure,450.85,76.61,"1,596,167","289,766",13.0,2,2016
356,357,CrowdProperty,Yes,No,UK,Fintech,449.16,76.43,"2,941,537","539,486",33.0,5,2013
357,358,Tutos’Me,No,No,France,Education,447.76,76.28,"4,989,872","910,963",42.0,4,2015
358,359,Studio Eko’,No,No,Italy,Management Consulting,446.74,76.17,"1,740,660","318,370",10.0,4,2011
359,360,Beings,No,No,UK,Technology,444.42,75.92,"1,881,768","348,129",7.0,2,2010
360,361,dmrgroupltd.com,No,Yes,Poland,Chemicals & Pharmaceuticals,443.14,75.78,"7,050,124","1,418,769",6.0,3,2013
361,362,Ice Telecommunications Ltd,No,No,UK,Telecoms,442.64,75.73,"16,067,551","2,982,238",119.0,35,2014
362,363,Gallas Group,No,No,Italy,Support Services,441.64,75.62,"4,640,710","856,790",95.0,18,2012
363,364,Etracom,Yes,Yes,Italy,Ecommerce,439.61,75.4,"22,952,660","4,253,600",10.0,4,2010
364,365,Xalient,No,No,UK,Technology,439.22,75.36,"26,199,717","4,893,654",88.0,38,2015
365,366,Labevolution,No,No,Italy,Health,438.38,75.27,"7,264,130","1,349,250",,5,2009
366,367,Kuadra,Yes,No,Italy,Interiors,435.19,74.92,"3,400,580","635,400",20.0,9,2015
367,368,Kyo Electric,Yes,Yes,Spain,Telecoms,433.20,74.7,"5,402,302","1,013,181",8.0,3,2014
368,369,SoPost,No,No,UK,Technology,432.02,74.57,"7,825,138","1,481,398",32.0,13,2012
369,370,S.F.R.E.,No,No,Italy,Construction,431.82,74.55,"3,004,290","564,910",44.0,7,2016
370,371,Sportstech,Yes,Yes,Germany,Retail,430.92,74.45,"108,500,233","20,436,426",262.0,60,2012
371,372,Opéra Energie,Yes,No,France,Energy,427.38,74.06,"11,218,211","2,127,151",98.0,40,2014
372,373,RouteNote,No,No,UK,Technology,427.36,74.06,"38,428,858","7,339,330",76.0,28,2010
373,374,Doctify,No,No,UK,Health,425.60,73.87,"2,409,255","461,671",40.0,26,2016
374,375,Fruugo,Yes,No,UK,Ecommerce,425.57,73.86,"21,793,194","4,176,347",67.0,30,2008
375,376,Insidemarketing,No,No,Germany,Technology,421.70,73.44,"2,971,846","569,646",15.0,7,2012
376,377,Falzi,No,No,Italy,Waste management & recycling,420.34,73.29,"2,037,320","391,540",11.0,2,2013
377,378,Atrys Health,No,No,Spain,Health,420.23,73.27,"31,396,438","6,035,116",504.0,62,2015
378,379,Il Cantiere Costruzioni,No,No,Italy,Construction,420.04,73.25,"4,297,790","826,430",4.0,1,2016
379,380,Soorce,Yes,Yes,Germany,Support Services,418.96,73.13,"15,639,618","3,013,629",22.0,13,2004
380,381,Sortlist,No,No,Belgium,Technology,418.47,73.08,"3,396,000","655,000",85.0,26,2013
381,382,VirtusLab,Yes,Yes,Poland,Technology,417.12,72.93,"12,468,548","2,635,420",234.0,90,2010
382,383,SkalHuset.se,No,No,Sweden,Ecommerce,416.23,72.83,"7,342,811","1,454,711",16.0,5,2012
383,384,VIPINO,No,No,Germany,Retail,415.23,72.72,"11,067,681","2,148,122",26.0,6,2013
384,385,GEA Service,No,No,Italy,Waste management & recycling,411.71,72.32,"6,673,050","1,304,060",133.0,30,2015
385,386,Gellify,Yes,No,Italy,Technology,411.64,72.31,"5,581,540","1,090,920",62.0,12,2016
386,387,Billion Dollar Boy,Yes,No,UK,Advertising,411.37,72.28,"13,085,484","2,577,297",92.0,42,2014
387,388,Westrafo,No,No,Italy,Energy,406.66,71.75,"22,072,700","4,356,500",58.0,19,2014
388,389,Goboony,No,No,The Netherlands,Travel & Leisure,404.97,71.56,"1,718,442","340,309",21.0,10,2015
389,390,Multiservice Ambrosiana,No,No,Italy,Support Services,404.13,71.47,"4,266,770","846,360",180.0,60,2016
390,391,b&c systems,No,No,Germany,Construction,403.10,71.35,"5,339,538","1,061,327",65.0,16,2016
391,392,S&G Solar,No,Yes,Bulgaria,Energy,402.58,71.29,"3,980,920","792,093",10.0,31,2014
392,393,BITTNET,No,Yes,Romania,Management Consulting,402.13,71.24,"22,436,395","4,641,712",120.0,40,2007
393,394,Ibanfirst,Yes,Yes,Belgium,Fintech,400.90,71.1,"12,062,697","2,408,187",204.0,47,2013
394,395,UPLINK Network,Yes,Yes,Germany,Telecoms,399.83,70.98,"28,140,196","5,629,906",46.0,20,2013
395,396,BASE ORGANIC FOOD,No,No,France,Agricultural Commodities,399.44,70.93,"10,802,997","2,163,006",25.0,6,2015
396,397,CurrentBody,No,No,UK,Ecommerce,398.90,70.87,"38,002,441","7,671,961",74.0,20,2009
397,398,Apex Aero,No,No,UK,Aerospace & Defence,398.70,70.85,"3,812,785","770,031",6.0,1,2016
398,399,Startup Development House,No,No,Poland,Technology,398.69,70.85,"1,514,111","303,615",59.0,25,2016
399,400,Gruppo Gheron,No,No,Italy,Health,398.15,70.79,"58,422,800","11,728,040",806.0,8,2010
400,401,DyFlowing,No,No,Italy,Technology,396.92,70.65,"1,696,320","341,370",30.0,5,2016
401,402,Digital Masters,No,No,Germany,Advertising,396.52,70.6,"3,019,110","608,053",40.0,22,2016
402,403,Prusseit Auto-Outlet,No,No,Germany,Automobiles,394.55,70.37,"2,576,602","520,998",17.0,3,2017
403,404,Techouse,No,No,Norway,Energy,394.51,70.37,"31,852,584","6,863,940",72.0,30,2002
404,405,SVS,No,No,Italy,Construction,393.21,70.22,"9,694,310","1,965,560",8.0,3,2016
405,406,TelcoSwitch Group,No,No,UK,Telecoms,390.55,69.91,"7,519,236","1,543,824",86.0,18,2017
406,407,BOTHE-REIMANN Tortechnik,No,No,Germany,Construction,390.53,69.91,"2,277,791","464,354",8.0,3,2017
407,408,e-Pol / Personalizzalo,No,No,Italy,Ecommerce,389.87,69.83,"16,089,160","3,284,400",12.0,8,2012
408,409,Riluxa,No,No,Spain,Interiors,389.78,69.82,"3,428,464","700,007",18.0,3,2016
409,410,Modalis,No,No,France,Transport,389.56,69.8,"19,169,652","3,915,724",8.0,6,2002
410,411,OLYMPP,No,No,France,Technology,388.82,69.71,"5,512,134","1,127,652",27.0,8,2016
411,412,Zeck Fishing,Yes,Yes,Germany,Retail,385.68,69.35,"6,806,664","1,401,463",25.0,4,2013
412,413,StorPool Storage,No,No,Bulgaria,Technology,385.16,69.29,"3,306,191","681,460",25.0,16,2011
413,414,Vimcar,No,No,Germany,Technology,383.45,69.09,"14,674,011","3,035,269",164.0,72,2013
414,415,JOANNES DISTRIBUTION SAS,No,Yes,France,Retail,381.19,68.83,"7,064,900","1,468,200",8.0,5,2011
415,416,Sourcing Force,No,No,France,Technology,380.80,68.78,"12,806,965","2,663,699",30.0,8,2011
416,417,Schalttechnik Nord,No,No,Germany,Technology,380.13,68.7,"12,489,032","2,601,157",60.0,16,2000
417,418,DGC,No,No,Germany,Cyber Security,378.99,68.57,"1,577,296","329,298",27.0,5,2015
418,419,Superprof,Yes,Yes,France,Education,375.90,68.2,"10,168,214","2,136,626",202.0,28,2013
419,420,Improveasy,Yes,No,UK,Management Consulting,375.47,68.15,"26,446,798","5,602,132",48.0,12,2011
420,421,Viaréno,No,No,France,Construction,375.30,68.13,"6,937,737","1,459,655",30.0,8,2014
421,422,CMT,No,No,Slovakia,Waste management & recycling,373.76,67.95,"1,951,232","411,858",19.0,10,2013
422,423,Rets,No,No,Poland,Property,373.42,67.91,"5,206,032","1,201,964",97.0,31,2014
423,424,MUBI,No,No,UK,Media,373.09,67.87,"18,356,623","3,954,351",104.0,33,2007
424,425,Dynamicom Education,No,No,Italy,Education,372.95,67.86,"9,018,160","1,906,790",27.0,3,2001
425,426,Touch4IT,No,No,Slovakia,Technology,371.54,67.69,"2,064,141","437,747",47.0,25,2015
426,427,TattaHome.com,No,No,Italy,Interiors,369.96,67.5,"2,800,000","595,800",8.0,4,1986
427,428,Speechmatics,Yes,Yes,UK,Technology,368.02,67.27,"7,161,145","1,541,070",90.0,37,2006
428,429,Samy Road,Yes,Yes,Spain,Advertising,367.32,67.19,"19,458,114","4,163,750",118.0,20,2012
429,430,Prometeo,No,No,Italy,Support Services,367.12,67.16,"3,580,500","766,510",9.0,6,2006
430,431,Dialectica,Yes,No,UK,Management Consulting,366.38,67.08,"17,078,846","3,688,264",260.0,65,2015
431,432,Wolf & Badger,Yes,No,UK,Ecommerce,365.87,67.01,"11,604,670","2,508,842",62.0,32,2009
432,433,Eco CO2,Yes,Yes,France,Support Services,365.14,66.93,"9,220,216","1,982,251",94.0,28,2009
433,434,Lakógép Kft.,No,No,Hungary,Construction,364.94,66.9,"25,335,854","6,328,462",20.0,3,2011
434,435,Beyer Betonwaren,No,No,Germany,Construction,364.90,66.9,"2,062,749","443,694",20.0,9,2017
435,436,Fill Up Média,Yes,Yes,France,Media,362.48,66.61,"4,999,802","1,081,079",42.0,12,2011
436,437,Zara Imballaggi Fabriano,Yes,No,Italy,Industrial Goods,362.41,66.6,"2,297,210","496,790",6.0,4,1984
437,438,CD Projekt,No,No,Poland,Games industry,361.78,66.52,"468,257,487","110,835,763",1177.0,744,1994
438,439,VPACE Bikes,No,No,Germany,Retail,361.24,66.46,"2,643,580","573,145",10.0,1,2015
439,440,Tooltester,Yes,No,Spain,Sales & Marketing,361.17,66.45,"3,646,507","790,712",6.0,0,2014
440,441,Bunker Partner,Yes,Yes,Estonia,Energy,361.12,66.45,"101,726,265","22,060,642",7.0,2,2015
441,442,Tikamoon,No,No,France,Ecommerce,360.01,66.31,"56,122,322","12,200,275",130.0,40,2006
442,443,S.T.A.R. Digital,No,No,Croatia,Advertising,359.98,66.31,"3,211,868","699,907",8.0,10,2013
443,444,Funding Options,Yes,No,UK,Fintech,359.62,66.26,"5,922,043","1,297,717",62.0,29,2011
444,445,Isimed,No,No,Italy,Health,359.61,66.26,"4,828,920","1,050,660",14.0,8,2014
445,446,"Sonar, SonarQube, SonarCloud, SonarLint",No,No,Switzerland,Technology,358.59,66.14,"83,632,640","16,861,349",195.0,50,2008
446,447,Scherer,No,No,Germany,Support Services,358.37,66.11,"4,285,766","934,994",30.0,4,2016
447,448,Mycroclean Italia,No,No,Italy,Support Services,357.44,66.0,"3,366,730","736,000",24.0,14,2002
448,449,Piscor,No,No,Italy,Ecommerce,356.25,65.86,"4,842,410","1,061,360",16.0,8,2015
449,450,Marwincar,Yes,No,Italy,Automobiles,356.21,65.85,"5,083,140","1,114,200",3.0,1,2016
450,451,Brighton & Hove Albion Football Club,No,No,UK,Travel & Leisure,355.67,65.79,"148,505,285","32,824,451",1038.0,288,1993
451,452,INPE Transport,No,No,Bulgaria,Transport,355.58,65.78,"1,816,274","398,676",60.0,5,2015
452,453,RTB House,Yes,Yes,Poland,Technology,355.45,65.76,"191,601,076","45,981,552",773.0,266,2013
453,454,Obiz,Yes,Yes,France,Media,353.69,65.55,"15,377,000","3,389,300",38.0,27,2010
454,455,VmWay,Yes,Yes,Italy,Technology,351.01,65.22,"15,901,220","3,525,720",70.0,33,2012
455,456,Legimi,No,No,Poland,Media,350.96,65.21,"7,007,093","1,698,358",12.0,8,2009
456,457,MSG Beauty,No,No,Germany,Retail,350.83,65.2,"2,910,737","645,633",11.0,5,2011
457,458,Leogra Trading,No,No,Germany,Retail,350.12,65.11,"5,078,464","1,128,243",11.0,4,2014
458,459,Benefind,No,No,Italy,Technology,347.56,64.8,"2,262,490","505,520",32.0,10,2012
459,460,AB Oil & Gas Service,No,No,Italy,Support Services,347.12,64.74,"2,310,000","516,640",13.0,5,2017
460,461,Mailtrack,Yes,No,Spain,Technology,344.41,64.41,"3,445,698","775,341",23.0,14,2013
461,462,Bumper,Yes,No,UK,Fintech,343.11,64.25,"3,394,214","771,504",33.0,15,2013
462,463,OTL - Online Trainer,No,No,Germany,Health,342.81,64.21,"6,607,564","1,492,190",46.0,22,2015
463,464,Macingo Technologies,No,No,Italy,Support Services,342.52,64.18,"1,601,000","361,790",17.0,9,2014
464,465,MYCS,No,No,Germany,Retail,340.45,63.92,"39,355,846","8,935,361",210.0,120,2014
465,466,Audience Serv,No,No,Germany,Advertising,339.50,63.8,"6,107,018","1,389,534",92.0,23,2008
466,467,Start,No,No,Italy,Telecoms,339.50,63.8,"3,769,100","857,590",8.0,4,2012
467,468,MvH Media,No,No,The Netherlands,Sales & Marketing,338.88,63.73,"2,391,654","544,943",29.0,8,2010
468,469,PURE GAMING,Yes,Yes,France,Ecommerce,338.29,63.65,"6,984,956","1,593,667",2.0,1,2010
469,470,Parcel Compare,No,No,UK,Transport,337.44,63.55,"9,085,936","2,091,995",8.0,4,1998
470,471,Ames Centro Polidiagnostico Strumentale,Yes,Yes,Italy,Health,337.37,63.54,"40,391,360","9,235,130",81.0,71,1979
471,472,Arcadia Italia,No,No,Italy,Energy,337.22,63.52,"3,249,140","743,130",6.0,1,2016
472,473,Zia Lucia,Yes,No,UK,Restaurants,336.69,63.45,"4,853,930","1,119,494",43.0,16,2016
473,474,Travaglini Costruzioni,No,No,Italy,Construction,333.49,63.05,"4,603,740","1,062,010",37.0,16,1952
474,475,Versa Design Zycle,No,No,Spain,Technology,331.97,62.86,"9,501,888","2,199,640",81.0,10,2008
475,476,MAUCHER CONSULT,No,No,Germany,Construction,331.77,62.84,"1,952,000","452,091",15.0,5,2016
476,477,Ayes,Yes,No,Italy,Technology,331.20,62.76,"10,827,070","2,510,930",137.0,51,2015
477,478,BrandUp Group,Yes,No,Italy,Advertising,331.08,62.75,"2,718,640","630,660",5.0,1,2016
478,479,Opyn,No,No,Italy,Financial Services,329.74,62.58,"4,168,220","969,930",19.0,11,2012
479,480,VAR Capital,No,No,UK,Financial Services,329.62,62.57,"2,132,001","499,815",8.0,4,2014
480,481,StoryTerrace,No,No,UK,Technology,329.00,62.49,"2,843,048","667,467",25.0,9,2017
481,482,Blubit,No,No,Slovenia,Technology,328.98,62.48,"2,964,852","691,140",22.0,8,2009
482,483,ZEN’UP,No,No,France,Insurance,328.62,62.44,"1,891,361","441,271",9.0,9,2014
483,484,Lörcher Bauunternehmen,No,No,Germany,Construction,328.53,62.43,"3,932,792","917,735",25.0,17,2001
484,485,Barcode Architects,No,No,The Netherlands,Architecture,327.77,62.33,"4,851,997","1,134,256",62.0,23,2010
485,486,TOP CHALEUR,No,No,France,Retail,326.52,62.17,"7,260,096","1,702,165",27.0,9,2002
486,487,Seingim,Yes,Yes,Italy,Construction,326.09,62.12,"13,479,380","3,163,540",160.0,52,1999
487,488,Amphibian Scaffolding,No,No,UK,Construction,325.82,62.08,"4,011,415","948,813",49.0,21,2008
488,489,Beliani,No,No,Liechtenstein,Ecommerce,325.61,62.06,"93,438,770","20,298,288",551.0,205,2009
489,490,Hatstore,Yes,No,Sweden,Ecommerce,325.42,62.03,"17,453,187","4,195,789",45.0,17,2011
490,491,Carpenteria Martino,No,No,Italy,Construction,325.19,62.0,"9,719,750","2,286,000",27.0,19,2006
491,492,CapitalOnTap,Yes,Yes,UK,Fintech,324.99,61.98,"82,238,372","19,489,369",147.0,61,2012
492,493,Netguru,No,No,Poland,Technology,324.26,61.89,"34,677,235","8,933,769",637.0,199,2008
493,494,Fazio,No,No,Italy,Retail,322.41,61.65,"3,375,810","799,170",7.0,6,2014
494,495,Grillfürst,No,No,Germany,Retail,322.06,61.61,"38,599,408","9,145,411",84.0,37,2010
495,496,Dealernet,No,No,Italy,Automobiles,320.92,61.46,"22,704,300","5,394,020",18.0,14,2017
496,497,Alpha Real Estate,Yes,Yes,Germany,Property,319.89,61.33,"119,161,137","28,378,990",57.0,14,2013
497,498,Appwise,No,No,Belgium,Technology,319.07,61.22,"4,546,110","1,084,812",74.0,12,2013
498,499,Convert Group,Yes,No,Greece,Technology,318.77,61.18,"2,789,489","666,118",55.0,17,2014
499,500,Revolution Race,Yes,No,Sweden,Ecommerce,318.30,61.12,"89,332,521","21,841,341",65.0,17,2013
500,501,GONG Galaxy,No,No,France,Retail,318.01,61.09,"11,320,706","2,708,258",40.0,11,2009
501,502,GDR Costruzioni,No,No,Italy,Construction,317.99,61.09,"1,573,480","376,440",8.0,8,2011
502,503,Emporio Elettrico,No,No,Italy,Ecommerce,317.84,61.07,"1,979,050","473,640",4.0,1,2015
503,504,Exscientia AI,Yes,No,UK,Technology,317.63,61.04,"10,807,048","2,606,296",87.0,15,2012
504,505,Featurespace,No,No,UK,Fintech,316.08,60.84,"23,501,473","5,688,822",324.0,128,2005
505,506,XL ENERGIES,No,No,France,Energy,315.16,60.72,"8,358,760","2,013,403",11.0,3,2016
506,507,Claveria,No,No,Spain,Support Services,314.56,60.64,"4,715,363","1,137,450",43.0,20,2015
507,508,Timberagents,No,No,Germany,Retail,313.98,60.57,"5,302,985","1,280,989",4.0,3,2010
508,509,fermeture econ’home,No,No,France,Construction,312.82,60.42,"1,862,632","451,196",30.0,2,2012
509,510,NRSE,No,No,Sweden,Management Consulting,309.97,60.05,"3,268,813","815,449",70.0,20,2014
510,511,SIMWERT,Yes,Yes,Germany,Telecoms,309.05,59.93,"26,386,701","6,450,759",21.0,16,2011
511,512,Flex Legal,No,No,UK,Law,308.66,59.88,"4,319,146","1,064,498",24.0,2,2015
512,513,Documaster,Yes,No,Norway,Technology,308.41,59.85,"3,328,791","868,552",41.0,15,2010
513,514,Immo-Team Allgäu,No,No,Germany,Construction,308.37,59.84,"21,974,565","5,381,108",4.0,1,2014
514,515,creditshelf,Yes,No,Germany,Financial Services,307.62,59.74,"4,899,200","1,201,900",57.0,17,2014
515,516,Blife,Yes,No,Italy,Food & Beverage,306.70,59.62,"4,133,980","1,016,480",10.0,7,2016
516,517,Nohup,Yes,No,Italy,Technology,306.29,59.57,"4,785,480","1,177,860",18.0,9,2004
517,518,Noctuai,Yes,No,Poland,Technology,306.22,59.56,"2,443,117","657,377",56.0,17,2012
518,519,Ares,Yes,Yes,Germany,Industrial Goods,305.80,59.5,"14,000,000","3,450,000",96.0,47,2013
519,520,Moonpig Group,No,No,UK,Ecommerce,305.66,59.49,"411,390,748","102,139,979",399.0,242,2000
520,521,Wealth Club,No,No,UK,Financial Services,304.87,59.38,"6,774,867","1,685,348",22.0,15,2016
521,522,FACTORY,No,No,France,Property,304.26,59.3,"12,609,000","3,119,000",25.0,4,2016
522,523,Beck Ingredients,No,No,Spain,Health,303.81,59.24,"7,532,293","1,865,319",6.0,2,2016
523,524,Mentors & Partners Group,No,No,Hungary,Management Consulting,303.44,59.19,"1,822,227","524,552",3.0,3,2010
524,525,SB Supply,Yes,No,The Netherlands,Ecommerce,303.38,59.19,"4,363,977","1,081,844",9.0,4,2011
525,526,Mediaboard,No,No,Czech Republic,Media,302.65,59.09,"2,243,594","572,798",24.0,8,2015
526,527,DW TRANS,Yes,Yes,France,Transport,302.41,59.06,"9,485,173","2,357,096",80.0,20,2012
527,528,NACELEXPERT,No,No,France,Industrial Goods,301.53,58.94,"2,727,392","679,247",4.0,2,2006
528,529,keylight,No,No,Germany,Technology,301.43,58.93,"3,499,555","871,779",31.0,14,2015
529,530,Technacy,No,No,Italy,Technology,301.40,58.92,"3,059,440","762,200",13.0,3,2011
530,531,Genoskin,No,No,France,Chemicals & Pharmaceuticals,300.97,58.87,"2,810,120","700,823",25.0,12,2011
531,532,Payment Assist,Yes,Yes,UK,Fintech,297.51,58.41,"5,993,895","1,518,678",21.0,12,2013
532,533,my Boo,No,No,Germany,Retail,297.47,58.4,"4,706,000","1,184,000",65.0,14,2013
533,534,84codes.com,Yes,Yes,Sweden,Technology,297.46,58.4,"12,120,207","3,118,698",25.0,11,2012
534,535,KLG LIQUIDA,No,No,Germany,Chemicals & Pharmaceuticals,297.29,58.38,"5,034,595","1,267,224",20.0,6,2013
535,536,Ignimission,No,No,France,Technology,297.08,58.35,"2,280,542","574,323",35.0,8,2011
536,537,Adamant BioNRG,No,No,Italy,Energy,297.06,58.35,"117,997,000","29,718,000",7.0,4,2013
537,538,Xplort,No,No,UK,Interiors,296.93,58.33,"2,252,358","571,513",5.0,2,2015
538,539,Bambridge Accountants,Yes,No,UK,Financial Services,296.71,58.3,"3,368,822","855,283",12.0,7,2010
539,540,G2Park,No,No,Slovakia,Property,295.97,58.2,"2,902,148","732,924",13.0,7,2016
540,541,Pelizzari Studio,No,No,Italy,Architecture,295.97,58.2,"2,625,660","663,100",5.0,2,2014
541,542,Postex,Yes,No,The Netherlands,Technology,293.41,57.86,"5,248,908","1,334,213",9.0,4,2014
542,543,Consorzio Stabile Ambientemilia,Yes,Yes,Italy,Waste management & recycling,291.25,57.57,"9,752,760","2,492,730",5.0,5,2013
543,544,Yocabe’,Yes,No,Italy,Ecommerce,290.92,57.53,"3,293,860","842,600",12.0,6,2016
544,545,Chez Nestor,Yes,Yes,France,Property,290.88,57.52,"8,559,263","2,189,720",33.0,19,2012
545,546,Mint Italia,No,No,Italy,Transport,288.59,57.22,"2,415,110","621,500",9.0,2,2016
546,547,Sendcloud,Yes,Yes,The Netherlands,Ecommerce,288.44,57.2,"81,775,452","21,052,232",233.0,27,2012
547,548,Datakey Software Engineering,No,No,Italy,Technology,288.19,57.16,"1,898,000","488,940",10.0,6,2008
548,549,Metaminds,Yes,Yes,Romania,Cyber Security,287.56,57.08,"32,103,084","8,605,113",41.0,21,2015
549,550,Time Vision,No,No,Italy,Education,287.38,57.05,"2,793,340","721,090",29.0,11,2012
550,551,Werksräder24,Yes,Yes,Germany,Automobiles,287.21,57.03,"14,896,000","3,847,000",36.0,16,2013
551,552,FOD Mobility Group,Yes,No,UK,Technology,286.81,56.98,"13,309,945","3,465,675",70.0,35,2008
552,553,Selferg,No,No,Italy,Energy,285.39,56.78,"2,050,130","531,960",60.0,10,2007
553,554,Poppri Fashion Auctions,Yes,No,Lithuania,Ecommerce,284.74,56.7,"13,028,856","3,386,414",94.0,45,2012
554,555,Vizion Network,Yes,No,UK,Automobiles,284.49,56.66,"117,817,156","30,862,156",194.0,156,2008
555,556,Beyond Law Group*,No,No,UK,Law,284.10,56.61,"8,233,616","2,159,010",66.0,27,2017
556,557,EDA Warehousing,No,No,Germany,Transport,284.03,56.6,"4,570,000","1,190,000",14.0,13,2014
557,558,BPV,No,No,Germany,Telecoms,283.29,56.5,"22,704,275","5,923,571",90.0,45,2013
558,559,Ultra Premium Direct,Yes,No,France,Agricultural Commodities,283.21,56.49,"20,779,890","5,422,583",81.0,29,2013
559,560,AFR-IX telecom,Yes,Yes,Spain,Telecoms,283.01,56.46,"9,933,867","2,593,649",24.0,12,2013
560,561,Blue energy,No,No,Poland,Cyber Security,282.71,56.42,"4,527,970","1,293,181",44.0,28,2010
561,562,C’JUSTE PARIS,No,No,France,Retail,282.63,56.41,"2,404,398","628,388",15.0,5,2013
562,563,SOS-accessoire,No,No,France,Ecommerce,281.74,56.29,"14,690,408","3,848,262",44.0,13,2007
563,564,Hannes König,No,No,Germany,Construction,281.19,56.21,"8,750,671","2,295,632",27.0,18,2017
564,565,ZANATTA media group,No,No,Germany,Advertising,280.58,56.13,"8,383,859","2,202,906",9.0,6,2007
565,566,Wastepack,No,No,UK,Waste management & recycling,280.36,56.1,"22,373,295","5,924,389",20.0,18,1997
566,567,Radar Consulting Italia,No,No,Italy,Support Services,279.04,55.92,"1,580,450","416,960",17.0,7,2010
567,568,Agriconomie,Yes,Yes,France,Agricultural Commodities,278.58,55.86,"37,248,117","9,838,779",53.0,32,2014
568,569,AnyTech365,Yes,Yes,Spain,Technology,275.94,55.49,"18,743,704","4,985,758",364.0,187,2014
569,570,Cladspray Solutions,No,No,UK,Construction,275.83,55.48,"1,863,819","499,484",12.0,4,2013
570,571,iM Global Partner,No,No,France,Financial Services,274.90,55.35,"31,463,692","8,392,541",50.0,10,2015
571,572,Confinvest,No,No,Italy,Precious metals,274.52,55.3,"41,130,000","10,982,110",6.0,2,1983
572,573,Ethic Technology,Yes,Yes,France,Technology,274.15,55.24,"8,340,824","2,229,273",3.0,2,2012
573,574,Bomax,Yes,No,Italy,Telecoms,273.47,55.15,"71,290,680","19,088,830",7.0,6,2001
574,575,KK-Trade,No,No,Germany,Retail,273.12,55.1,"4,383,254","1,174,770",15.0,4,2017
575,576,Marsapet,No,No,Germany,Retail,273.03,55.09,"3,960,200","1,061,642",26.0,4,2015
576,577,Gruppo Tera,Yes,No,Italy,Ecommerce,272.54,55.02,"20,222,750","5,428,300",16.0,8,2015
577,578,CodicePlastico,No,No,Italy,Technology,272.18,54.97,"3,068,430","824,450",14.0,7,2009
578,579,Tremend,No,Yes,Romania,Technology,272.13,54.96,"20,679,155","5,772,716",426.0,185,2005
579,580,Doofinder,No,No,Spain,Technology,271.97,54.94,"6,590,434","1,771,758",61.0,17,2010
580,581,Hostinger,Yes,Yes,Lithuania,Technology,271.81,54.92,"25,860,664","6,955,394",780.0,80,2004
581,582,Catalyx,Yes,Yes,Switzerland,Sales & Marketing,271.64,54.9,"6,540,543","1,627,160",39.0,9,2013
582,583,Harness Code,No,No,Bulgaria,Sales & Marketing,270.79,54.78,"2,223,308","599,612",9.0,6,2016
583,584,Nanoprom Chemicals,No,No,Italy,Chemicals & Pharmaceuticals,270.68,54.76,"2,779,910","749,940",17.0,5,2014
584,585,Elite,No,Yes,Spain,Construction,270.39,54.72,"10,060,550","2,716,240",49.0,27,2012
585,586,AppUnite,Yes,Yes,Poland,Technology,268.98,54.53,"4,424,063","1,310,532",119.0,26,2012
586,587,Eskalia et Nakupenda,No,No,France,Retail,268.92,54.52,"1,515,414","410,775",7.0,2,2006
587,588,LGX Logistics,No,No,Germany,Transport,268.20,54.42,"8,070,059","2,191,733",12.0,3,2006
588,589,Polipop,No,No,Portugal,Industrial Goods,268.16,54.41,"3,351,671","910,392",22.0,11,2015
589,590,StampaSi,No,No,Italy,Ecommerce,268.08,54.4,"2,543,820","691,110",10.0,1,2016
590,591,CAM,No,No,Italy,Industrial Goods,268.05,54.4,"12,280,490","3,336,600",67.0,45,1984
591,592,Plug In Digital,Yes,Yes,France,Media,267.75,54.35,"13,767,602","3,743,740",37.0,12,2012
592,593,Predica,No,No,Poland,Technology,267.32,54.29,"17,589,082","5,233,937",241.0,82,2009
593,594,Ocean Transport,No,No,Spain,Transport,266.84,54.23,"4,783,846","1,304,073",19.0,2,2009
594,595,Serinus,No,No,UK,Energy,265.81,54.08,"19,651,446","5,474,802",75.0,103,1997
595,596,DEMV Deutscher Maklerverbund,Yes,No,Germany,Financial Services,264.32,53.87,"5,012,841","1,375,943",50.0,20,2009
596,597,STI Norland,Yes,No,Spain,Energy,263.37,53.74,"199,822,150","54,990,779",221.0,53,1996
597,598,HD Elektrotechnik,Yes,No,Germany,Technology,263.34,53.73,"4,207,672","1,158,042",76.0,27,2011
598,599,Engenie Group,No,No,Italy,Technology,262.60,53.63,"2,025,040","558,480",9.0,1,2017
599,600,Groupe N.A.T,Yes,No,France,Support Services,261.42,53.46,"4,180,122","1,156,596",64.0,25,2016
600,601,La Sarraz Pictures,No,No,Italy,Media,260.90,53.39,"1,513,710","419,430",5.0,2,2015
601,602,Smart-Planet,No,No,Germany,Retail,260.22,53.29,"4,598,207","1,276,483",9.0,5,2016
602,603,Sidea Group,Yes,No,Italy,Management Consulting,260.17,53.29,"2,429,590","674,560",49.0,8,2015
603,604,COUTEAUJAPONAIS.COM,No,No,France,Retail,259.83,53.24,"4,579,102","1,272,558",17.0,5,2004
604,605,PHYSIDIA,Yes,No,France,Health,259.66,53.21,"16,746,545","4,656,191",58.0,20,2010
605,606,Horando Deutschland,No,Yes,Germany,Retail,259.32,53.17,"8,111,269","2,257,390",3.0,2,2013
606,607,"Diablochairs, Jan Nowak",Yes,Yes,Poland,Ecommerce,259.15,53.14,"21,520,495","6,549,376",79.0,22,2004
607,608,Parkster,Yes,Yes,Sweden,Technology,258.92,53.11,"55,139,984","15,711,602",28.0,16,2011
608,609,BIOTYFULL,Yes,No,France,Ecommerce,258.88,53.1,"20,248,436","5,642,145",13.0,5,2015
609,610,Bioksan,Yes,No,Spain,Food & Beverage,258.30,53.02,"5,914,732","1,650,756",51.0,14,2014
610,611,Trippel,No,No,Norway,Support Services,258.05,52.98,"3,057,807","910,070",118.0,37,1999
611,612,Yourparkingspace Limited,Yes,Yes,UK,Technology,257.60,52.92,"13,863,431","3,904,618",32.0,15,2013
612,613,Carslift,No,No,France,Automobiles,257.42,52.89,"2,226,659","622,989",35.0,1,2012
613,614,Zimmerei Nordmann,No,No,Germany,Construction,257.35,52.89,"2,074,577","580,537",11.0,5,2009
614,615,SI Silicone Innovation,Yes,No,Germany,Industrial Goods,257.32,52.88,"3,640,511","1,018,843",40.0,20,2015
615,616,A.U.E. Genc Warenhandels-UG,Yes,Yes,Germany,Retail,256.90,52.82,"19,890,000","5,573,000",12.0,8,2010
616,617,MGvision,No,No,Italy,Advertising,255.81,52.66,"4,010,560","1,127,170",18.0,10,2010
617,618,New General Service,Yes,No,Italy,Support Services,255.07,52.56,"1,539,360","433,540",26.0,13,2015
618,619,ANDRE RENOVATION,No,No,France,Construction,254.93,52.54,"11,594,389","3,266,703",41.0,15,2010
619,620,M.D.G. Components Unipersonale,No,No,Italy,Industrial Goods,254.41,52.46,"2,283,970","644,440",14.0,10,2017
620,621,Amco-Bulgaria,Yes,No,Bulgaria,Retail,254.20,52.43,"6,298,606","1,778,274",22.0,5,2011
621,622,Symprove,Yes,No,UK,Personal & Household Goods,254.09,52.42,"12,298,843","3,498,275",39.0,16,2005
622,623,Tecknuovo,No,No,UK,Technology,253.87,52.39,"26,273,556","7,477,852",22.0,10,2015
623,624,Platform.sh,No,No,France,Technology,253.68,52.36,"22,077,678","6,242,232",217.0,62,2010
624,625,ISG Express Logistik,Yes,No,Germany,Transport,253.68,52.36,"5,822,692","1,646,307",46.0,5,2011
625,626,Manelli Impresa,Yes,No,Italy,Construction,253.65,52.36,"43,355,980","12,259,540",173.0,55,2008
626,627,SA Formação,Yes,Yes,Portugal,Education,253.55,52.34,"3,647,652","1,031,733",53.0,22,2009
627,628,SM SektManufaktur,No,No,Germany,Industrial Goods,253.35,52.31,"2,408,586","681,652",14.0,3,2015
628,629,Beauty Consult Deutschland,No,No,Germany,Health,253.11,52.28,"3,725,665","1,055,100",31.0,8,2011
629,630,Finauto,No,No,Italy,Automobiles,251.91,52.1,"11,789,870","3,350,270",8.0,5,1977
630,631,AuCOFFRE.com,No,No,France,Financial Services,251.66,52.07,"114,037,838","32,428,296",21.0,18,2009
631,632,Divido,Yes,No,UK,Fintech,251.57,52.06,"3,786,036","1,084,616",46.0,37,2014
632,633,R&K Ingenieure,No,No,Germany,Construction,251.56,52.05,"5,210,500","1,482,100",17.0,6,2016
633,634,Nephos Technologies,Yes,No,UK,Technology,251.48,52.04,"17,559,447","5,031,697",25.0,11,2011
634,635,La Vida,Yes,Yes,UK,Support Services,250.06,51.84,"7,572,128","2,178,629",15.0,8,2002
635,636,Midstream Lighting,No,Yes,UK,Technology,249.64,51.78,"8,204,844","2,363,526",12.0,4,2012
636,637,PROPULSE IT,Yes,Yes,France,Technology,249.58,51.77,"6,326,861","1,809,858",2.0,2,2014
637,638,Additius Santa Maria,No,No,Spain,Agricultural Commodities,248.98,51.68,"31,757,362","9,100,083",30.0,25,2012
638,639,CONEXIO TELECOM,No,No,France,Telecoms,248.88,51.67,"1,908,640","547,084",15.0,3,2017
639,640,Tripin,No,No,Germany,Retail,248.43,51.6,"5,465,080","1,568,506",9.0,5,2012
640,641,Continental Wood Kft.,No,Yes,Hungary,Industrial Goods,247.28,51.43,"2,724,073","910,973",9.0,4,1996
641,642,GeoTeam,No,No,Italy,Energy,247.20,51.42,"7,623,730","2,195,780",120.0,71,2008
642,643,Leascorp,No,No,France,Financial Services,247.05,51.4,"18,481,247","5,325,214",7.0,4,2014
643,644,Positive Healthcare,No,No,UK,Management Consulting,246.88,51.38,"6,731,831","1,954,609",19.0,3,2014
644,645,Ralph Schmolke,No,No,Germany,Retail,246.63,51.34,"2,281,929","658,317",8.0,4,2010
645,646,Roomie Milano,No,No,Italy,Property,245.48,51.17,"3,728,920","1,079,340",10.0,2,2016
646,647,Trencadis Corp,Yes,No,Romania,Technology,245.45,51.17,"20,410,511","6,137,755",89.0,40,2007
647,648,WORTEKS,No,No,France,Technology,245.44,51.17,"1,870,845","541,582",11.0,4,2016
648,649,REMOVE,Yes,No,France,Construction,244.64,51.05,"8,988,475","2,608,093",74.0,27,2015
649,650,Citadelo,No,No,Czech Republic,Cyber Security,243.94,50.95,"1,556,521","452,557",27.0,15,2006
650,651,Grill Autoservice,No,No,Germany,Automobiles,243.36,50.86,"18,141,216","5,283,415",26.0,13,2017
651,652,Inbrooll,No,No,Spain,Industrial Goods,243.07,50.82,"2,663,110","776,268",15.0,8,2013
652,653,Cross,Yes,No,Germany,Retail,242.59,50.75,"88,590,000","25,858,983",4.0,3,2010
653,654,B1gas S.p.A,Yes,No,Italy,Energy,242.58,50.75,"41,474,660","12,106,480",6.0,2,2010
654,655,Filva,No,No,Italy,Construction,242.17,50.69,"6,188,900","1,808,710",10.0,8,2009
655,656,Archingest,Yes,No,Italy,Construction,241.26,50.56,"3,515,000","1,030,000",6.0,2,2005
656,657,Alpha FX Group,No,Yes,UK,Financial Services,241.26,50.55,"51,640,733","15,241,075",124.0,51,2009
657,658,lemonads,Yes,No,Switzerland,Advertising,241.12,50.53,"4,952,255","1,451,770",50.0,7,2012
658,659,Signicat,Yes,No,Norway,Technology,240.39,50.43,"42,514,150","13,309,441",213.0,71,2007
659,660,Alfred Döpker,No,No,Germany,Construction,240.33,50.42,"77,358,225","22,730,529",55.0,41,1965
660,661,Bavaria-Ei,No,No,Germany,Retail,240.06,50.38,"13,067,279","3,842,670",88.0,42,2001
661,662,Oxylabs.io,No,No,Lithuania,Technology,239.23,50.26,"25,040,954","7,381,686",245.0,57,2015
662,663,A.S.H. Automobile,Yes,No,Germany,Automobiles,239.19,50.25,"2,333,452","687,958",5.0,2,2014
663,664,Vascular,No,No,Hungary,Health,238.38,50.13,"29,099,679","9,987,236",57.0,18,2007
664,665,ANDJARO,No,No,France,Support Services,237.95,50.07,"3,189,298","943,718",57.0,30,2015
665,666,Röhrtaler Wertstoff,No,No,Germany,Waste management & recycling,237.58,50.01,"3,286,187","973,460",34.0,22,2013
666,667,Autel Karnetic,No,No,UK,Technology,237.43,49.99,"8,520,830","2,543,343",7.0,6,2016
667,668,Discoup.com,No,No,Italy,Advertising,236.58,49.86,"2,075,110","616,520",10.0,8,2013
668,669,Hellas Direct,Yes,No,Cyprus,Insurance,236.55,49.86,"34,488,971","10,247,832",85.0,52,2011
669,670,HERRLES,Yes,No,Germany,Automobiles,236.46,49.85,"10,242,075","3,044,054",45.0,30,2009
670,671,Investmentpunk Academy,No,No,Austria,Education,235.69,49.73,"3,179,000","947,000",12.0,6,2016
671,672,Born Stahlbau,No,Yes,Germany,Industrial Goods,235.05,49.64,"4,527,093","1,351,164",13.0,6,2015
672,673,RETTEL Projektbau,Yes,No,Germany,Construction,234.97,49.62,"8,073,458","2,410,212",7.0,5,2016
673,674,Suntronic,No,No,Italy,Energy,234.87,49.61,"2,347,320","700,960",4.0,2,2005
674,675,TMT,Yes,Yes,Italy,Industrial Goods,234.84,49.6,"12,763,524","3,811,838",42.0,6,2014
675,676,Gedankenburg,No,No,Germany,Advertising,234.74,49.59,"2,950,010","881,275",5.0,2,2015
676,677,SVOP Special Vehicle Operation,No,No,Sweden,Automobiles,234.07,49.49,"4,526,309","1,385,662",16.0,6,2013
677,678,Glenholme Healthcare Group,No,No,UK,Health,234.00,49.48,"14,845,073","4,476,517",415.0,132,2011
678,679,AUDENSIEL,Yes,Yes,France,Technology,233.96,49.47,"57,451,279","17,203,160",720.0,230,2013
679,680,Ivnosys,No,No,Spain,Technology,233.95,49.47,"8,743,069","2,618,069",106.0,34,2011
680,681,Mulconsa,No,No,Spain,Construction,233.87,49.46,"6,687,402","2,002,982",45.0,30,2012
681,682,50NRTH,No,No,Germany,Retail,233.75,49.44,"35,107,348","10,518,963",54.0,14,2004
682,683,Delecto,No,No,Croatia,Retail,233.68,49.43,"2,649,288","793,957",10.0,6,2008
683,684,Mardruk Opakowania,No,No,Poland,Industrial Goods,233.32,49.38,"3,226,645","1,058,063",47.0,7,2015
684,685,MANANG,No,No,France,Construction,233.23,49.36,"6,205,559","1,862,272",40.0,15,2012
685,686,bestbion dx,No,No,Germany,Health,233.18,49.36,"14,863,628","4,461,170",27.0,21,2011
686,687,Avamore Capital,No,No,UK,Financial Services,232.57,49.27,"2,552,248","772,943",21.0,7,2015
687,688,Solaris and more,No,No,Germany,Energy,231.75,49.14,"4,692,660","1,414,501",30.0,13,2011
688,689,Clearcycle,No,No,UK,Retail,231.73,49.14,"2,176,368","660,767",11.0,8,2015
689,690,Opteamis,Yes,Yes,France,Support Services,231.45,49.1,"13,856,500","4,180,523",35.0,12,2005
690,691,Codenor,No,No,Spain,Construction,231.36,49.08,"6,385,196","1,926,967",20.0,10,2010
691,692,HAPPYBULLE,Yes,No,France,Ecommerce,231.14,49.05,"4,209,975","1,271,353",18.0,8,2015
692,693,Aurora Energy Research,No,No,UK,Energy,231.05,49.04,"15,079,425","4,587,687",158.0,46,2013
693,694,Bacci,No,No,Spain,Fashion,231.00,49.03,"24,048,302","7,265,350",14.0,19,2003
694,695,Emilia Foods,Yes,Yes,Italy,Food & Beverage,230.75,48.99,"26,824,140","8,110,160",25.0,8,2013
695,696,T.E.A.M. - Ti educa a migliorare,No,No,Italy,Health,230.22,48.91,"3,370,490","1,020,690",211.0,82,2001
696,697,Brainhub,Yes,No,Poland,Technology,230.16,48.9,"3,513,741","1,163,241",75.0,30,2016
697,698,Assitech,Yes,No,Italy,Construction,230.03,48.89,"2,675,750","810,750",9.0,10,2016
698,699,Schott Packaging,No,No,UK,Ecommerce,229.61,48.82,"2,272,847","694,501",11.0,4,2016
699,700,Alba,Yes,No,Italy,Energy,229.36,48.78,"3,299,330","1,001,740",30.0,12,2010
700,701,FinTrU,Yes,No,UK,Financial Services,229.03,48.73,"32,392,546","9,915,609",740.0,219,2013
701,702,Global Edilizia,No,No,Italy,Construction,228.55,48.66,"4,028,000","1,226,000",5.0,4,2011
702,703,TPXimpact,No,No,UK,Management Consulting,228.30,48.62,"57,093,437","17,515,305",381.0,2,2016
703,704,LGS SportLab,No,No,Italy,Advertising,228.26,48.62,"4,014,220","1,222,870",9.0,6,2010
704,705,Weiser Brandschutz & Technik,Yes,No,Germany,Construction,227.87,48.56,"5,986,199","1,825,769",45.0,4,2005
705,706,Fairfax and Favor,No,No,UK,Fashion,226.81,48.4,"18,178,322","5,602,279",47.0,13,2013
706,707,FAO Consulting,No,No,France,Technology,226.39,48.34,"7,781,600","2,384,156",85.0,39,2014
707,708,Gruppo Del Barba Consulting,Yes,Yes,Italy,Financial Services,226.35,48.33,"5,855,040","1,794,120",37.0,8,2010
708,709,Exclaimer,Yes,Yes,UK,Technology,226.05,48.28,"26,143,857","8,075,796",109.0,62,2003
709,710,Join Business Management Consulting,Yes,No,Italy,Management Consulting,225.69,48.23,"10,189,790","3,128,700",77.0,25,2013
710,711,Vennes,No,No,Germany,Construction,225.10,48.14,"17,048,000","5,244,000",57.0,27,2003
711,712,Piggy,No,No,The Netherlands,Technology,225.06,48.13,"2,946,126","906,341",31.0,7,2013
712,713,Epassi,No,No,Finland,Fintech,224.82,48.1,"205,312,456","63,207,258",130.0,40,2007
713,714,Atheneum Partners,Yes,Yes,Germany,Technology,224.27,48.01,"33,400,000","10,300,000",315.0,150,2010
714,715,Pharmacy2U,Yes,No,UK,Technology,223.91,47.96,"156,232,906","48,580,102",454.0,211,1999
715,716,PHOENIX DEVELOPPEMENT,No,No,France,Support Services,223.16,47.85,"1,797,294","556,159",18.0,6,2011
716,717,Wiwie Transport,No,No,Germany,Transport,223.08,47.83,"4,200,000","1,300,000",25.0,10,2016
717,718,Mevas Auto Center,No,No,Romania,Automobiles,222.96,47.81,"2,595,034","834,708",31.0,23,2003
718,719,BK Beachhouse Mode,Yes,No,Germany,Retail,222.78,47.79,"5,172,479","1,602,458",35.0,21,2015
719,720,F.lli Urso,No,No,Italy,Construction,222.59,47.76,"2,009,090","622,800",9.0,3,2015
720,721,GoHenry,Yes,Yes,UK,Financial Services,222.24,47.7,"22,020,382","6,882,489",166.0,61,2011
721,722,Adrilog,Yes,No,Italy,Transport,221.85,47.64,"57,057,180","17,727,950",816.0,634,2014
722,723,Attachment,Yes,Yes,UK,Advertising,221.77,47.63,"7,191,249","2,250,946",6.0,2,2015
723,724,PARIS HERBES,Yes,No,France,Agricultural Commodities,221.73,47.63,"12,934,943","4,020,469",25.0,15,2015
724,725,Interlog Logistic,No,No,France,Transport,221.69,47.62,"5,480,946","1,703,819",28.0,37,2015
725,726,Conglomerati Bituminosi,Yes,No,Italy,Construction,221.08,47.53,"33,371,870","10,393,680",75.0,34,1975
726,727,Nikkel Art,No,No,Belgium,Ecommerce,220.83,47.49,"3,762,160","1,172,617",26.0,5,2010
727,728,Esyen,No,No,Italy,Technology,220.60,47.45,"3,868,940","1,206,770",25.0,9,2011
728,729,Sav-eco Packaging Ltd,No,No,UK,Industrial Goods,220.27,47.4,"16,923,940","5,322,238",165.0,104,2014
729,730,Elmar Mair Tiefbau,No,No,Germany,Construction,219.98,47.36,"2,302,685","719,638",19.0,8,2016
730,731,ATLAS Innovative Engineering,No,No,Spain,Energy,219.37,47.26,"3,495,981","1,094,666",15.0,12,2014
731,732,SECURE-IC,No,No,France,Technology,219.33,47.26,"6,934,182","2,171,492",76.0,48,2010
732,733,DATALYO,No,No,France,Technology,218.82,47.18,"3,544,255","1,111,687",36.0,16,2014
733,734,Signify Technology,No,No,UK,Management Consulting,218.78,47.17,"2,547,992","805,029",29.0,14,2016
734,735,BOXT,No,No,UK,Ecommerce,218.69,47.16,"38,373,430","12,127,395",59.0,20,2017
735,736,James and James Fulfilment,No,No,UK,Ecommerce,218.67,47.16,"30,887,883","9,762,332",158.0,55,2010
736,737,Armonie,No,No,Italy,Food & Beverage,218.66,47.16,"2,803,150","879,670",9.0,5,2014
737,738,Maverick Group,No,No,Italy,Technology,217.27,46.94,"5,313,290","1,674,690",5.0,1,2017
738,739,Brainpull,No,No,Italy,Advertising,217.21,46.93,"4,264,120","1,344,240",29.0,10,2012
739,740,Wiseband,No,No,France,Media,217.08,46.91,"1,636,674","516,164",15.0,4,2014
740,741,Groupe Ezdo La Boulangerie Des Gourmets,Yes,No,France,Agricultural Commodities,216.91,46.89,"40,777,823","12,867,410",15.0,4,2013
741,742,Pakar Service,Yes,No,Poland,Support Services,216.15,46.77,"9,729,642","3,363,800",396.0,257,2010
742,743,BIO-UV,No,No,France,Industrial Goods,216.03,46.75,"32,175,000","10,181,000",117.0,62,2000
743,744,F.G. Service,No,No,Italy,Construction,215.54,46.67,"2,554,140","809,450",14.0,2,2015
744,745,Allways Logistics System,Yes,No,Italy,Transport,215.48,46.66,"9,569,120","3,033,150",125.0,2,2012
745,746,Matsmart,Yes,Yes,Sweden,Ecommerce,215.40,46.65,"49,576,899","16,075,963",164.0,75,2013
746,747,autargo,No,No,Germany,Construction,215.35,46.64,"1,807,173","573,070",5.0,2,2016
747,748,Brewshop.no,Yes,No,Norway,Food & Beverage,215.26,46.63,"4,392,988","1,484,883",9.0,7,2015
748,749,Visualitics,No,No,Italy,Technology,215.24,46.63,"2,131,000","676,000",15.0,3,2016
749,750,HiFi extra,No,No,Germany,Retail,215.10,46.61,"49,190,436","15,610,826",32.0,14,2016
750,751,Ankerkraut,Yes,Yes,Germany,Food & Beverage,214.45,46.5,"26,010,474","8,271,702",150.0,70,2013
751,752,GDA,No,No,Italy,Fashion,213.62,46.37,"20,745,690","6,615,000",205.0,98,2008
752,753,Nexid,No,No,Italy,Technology,213.53,46.36,"2,696,270","859,960",25.0,9,2006
753,754,GS Studio & Service,No,No,Italy,Energy,213.26,46.32,"2,087,000","666,210",16.0,7,2013
754,755,Neosperience,No,No,Italy,Technology,213.00,46.28,"16,367,000","5,229,000",160.0,60,2006
755,756,Lunos,No,No,Slovenia,Technology,212.89,46.26,"6,356,404","2,031,522",16.0,11,2010
756,757,Meic Costruzioni,No,No,Italy,Construction,212.86,46.26,"10,456,300","3,342,120",71.0,39,2013
757,758,Trident Lifting Solutions Ltd,No,No,UK,Construction,212.60,46.22,"15,846,632","5,105,700",14.0,12,2016
758,759,Smart Battery Solutions,No,No,Germany,Technology,212.59,46.22,"10,203,000","3,264,000",69.0,28,2010
759,760,eu-bay Commerce,No,No,Germany,Retail,212.23,46.16,"8,122,686","2,601,485",20.0,10,2003
760,761,Jens Rabe Academy,No,No,Germany,Education,212.06,46.13,"3,655,345","1,171,373",20.0,6,2009
761,762,Hyperoptic,Yes,No,UK,Telecoms,211.97,46.12,"57,766,084","18,649,681",1251.0,407,2010
762,763,SEPALE,No,No,France,Energy,211.33,46.02,"7,879,983","2,531,055",21.0,2,2009
763,764,3A Informatica,No,No,Italy,Telecoms,210.73,45.92,"1,970,000","633,990",33.0,19,2005
764,765,EMSPROTO,Yes,No,France,Ecommerce,210.64,45.91,"3,136,947","1,009,846",22.0,10,2014
765,766,Laboratoires Dermosun,No,No,France,Chemicals & Pharmaceuticals,209.88,45.79,"5,626,849","1,815,835",13.0,9,2011
766,767,Saico,No,No,Italy,Construction,209.36,45.71,"6,737,600","2,177,950",23.0,13,2013
767,768,Nutis,Yes,No,Italy,Food & Beverage,209.01,45.66,"6,566,530","2,124,990",19.0,9,1956
768,769,Ogrodosfera.pl,Yes,Yes,Poland,Ecommerce,208.73,45.61,"13,256,472","4,693,330",23.0,12,2011
769,770,SVTI,Yes,No,France,Industrial Goods,208.55,45.58,"3,981,300","1,290,312",30.0,17,2010
770,771,Enhancers,No,No,Italy,Technology,208.24,45.53,"3,352,210","1,087,520",38.0,13,2011
771,772,AGRIPOWER FRANCE,No,No,France,Waste management & recycling,208.20,45.53,"7,701,275","2,498,792",16.0,6,2012
772,773,Next Turbo Technologies,Yes,No,Italy,Industrial Goods,207.77,45.46,"9,481,040","3,080,610",18.0,8,2014
773,774,Velvet Media Italia,Yes,Yes,Italy,Advertising,207.54,45.42,"5,411,160","1,759,490",98.0,46,2013
774,775,Booster Box,Yes,No,Italy,Advertising,206.87,45.32,"2,049,365","667,837",35.0,9,2016
775,776,RMF Group,No,No,Slovakia,Food & Beverage,206.86,45.32,"3,289,892","1,072,117",2.0,3,2014
776,777,Darwin Group Limited,No,No,UK,Construction,206.37,45.24,"70,393,894","23,141,358",140.0,89,2005
777,778,ITFS,Yes,Yes,Poland,Technology,206.10,45.2,"10,446,862","3,730,405",230.0,90,2012
778,779,SKILLSDAY,No,Yes,France,Education,205.70,45.13,"3,154,795","1,031,988",25.0,9,2015
779,780,Gapps,Yes,No,Finland,Technology,205.51,45.1,"8,707,000","2,850,000",34.0,23,2010
780,781,Maxfel,Yes,No,Italy,Interiors,205.44,45.09,"2,201,160","720,650",15.0,6,1984
781,782,Herrero Brigantina,Yes,Yes,Spain,Insurance,204.74,44.98,"14,725,853","4,832,212",55.0,33,2012
782,783,Manitech,Yes,No,Italy,Industrial Goods,203.53,44.79,"3,834,910","1,263,420",6.0,3,2016
783,784,Tradeco,No,No,Italy,Industrial Goods,202.87,44.68,"5,889,890","1,944,720",16.0,6,2016
784,785,MON CHASSEUR IMMO,Yes,No,France,Property,202.35,44.6,"4,794,423","1,585,727",28.0,13,2012
785,786,UpSlide,No,Yes,France,Support Services,202.23,44.58,"8,274,214","2,737,704",75.0,20,2013
786,787,COGECLIM ENERGIES,Yes,No,France,Construction,201.99,44.54,"2,622,506","868,406",18.0,5,2015
787,788,Cellarius,No,No,Hungary,Sales & Marketing,201.67,44.49,"2,571,079","989,785",14.0,10,2004
788,789,careful-service,No,No,Germany,Health,201.37,44.44,"3,537,769","1,173,908",141.0,75,2014
789,790,Softneta,No,No,Lithuania,Health,201.07,44.4,"1,778,249","590,642",30.0,24,2007
790,791,Progeny,No,No,UK,Financial Services,200.64,44.33,"16,601,337","5,561,585",161.0,64,2016
791,792,Web Geo Services,No,No,France,Technology,200.58,44.32,"24,114,000","8,022,358",57.0,29,2009
792,793,Spedition Ibov,No,No,Germany,Transport,200.43,44.29,"3,424,863","1,140,000",,,2013
793,794,MyPostcard.com,Yes,Yes,Germany,Retail,200.06,44.23,"6,358,307","2,119,022",25.0,21,2014
794,795,VARIOSAN,No,No,Germany,Retail,199.77,44.19,"3,233,968","1,078,808",3.0,2,2013
795,796,Riedle + Bertsch,No,No,Germany,Technology,199.75,44.18,"2,331,579","777,849",36.0,8,2013
796,797,Mobili Fiver,No,No,Italy,Interiors,199.43,44.13,"11,897,820","3,973,460",50.0,23,1999
797,798,KLC DESAMIANTAGE,No,No,France,Construction,199.36,44.12,"6,182,419","2,065,220",46.0,11,2015
798,799,SECRET ARTS OF SPIRITS,Yes,Yes,France,Retail,199.23,44.1,"3,308,224","1,105,569",6.0,3,2014
799,800,MPB Group Limited,Yes,No,UK,Ecommerce,198.91,44.05,"72,503,245","24,429,686",184.0,68,2011
800,801,3zehn Auto Discount,Yes,No,Germany,Automobiles,198.41,43.97,"25,448,057","8,527,777",12.0,5,2016
801,802,ADIKTEEV,No,No,France,Technology,198.30,43.95,"45,616,000","15,292,051",67.0,50,2012
802,803,Fundis Reitsport,No,No,Germany,Retail,198.07,43.92,"7,066,208","2,370,645",50.0,3,2009
803,804,Antriebstechnik Ebner-Seibold,No,No,Germany,Retail,198.06,43.91,"2,245,423","753,352",17.0,9,2009
804,805,Invibes Advertising,No,Yes,Belgium,Technology,197.11,43.76,"11,530,000","3,880,663",102.0,30,2011
805,806,Jointly il welfare condiviso,No,No,Italy,Support Services,196.84,43.72,"2,400,550","808,700",34.0,18,2014
806,807,ABTOT Mark & Anläggning AB,Yes,No,Sweden,Construction,195.91,43.57,"9,983,094","3,450,305",23.0,10,2012
807,808,DUSAPRO Immobilien,Yes,Yes,Germany,Property,195.21,43.45,"33,903,865","11,484,801",36.0,10,2012
808,809,SOLDATS FILMS,No,No,France,Media,194.81,43.39,"2,320,653","787,160",8.0,4,2012
809,810,Eagleprojects,No,No,Italy,Telecoms,194.68,43.37,"15,140,480","5,137,900",287.0,120,2016
810,811,Agile Lab,Yes,No,Italy,Technology,194.60,43.35,"5,590,450","1,897,650",43.0,15,2013
811,812,importpris.no,No,No,Norway,Ecommerce,194.37,43.32,"3,113,197","1,126,971",8.0,4,2012
812,813,truu,Yes,Yes,Germany,Industrial Goods,193.76,43.22,"12,472,561","4,245,861",72.0,18,2011
813,814,L’Atelier,No,No,France,Technology,193.45,43.17,"4,288,024","1,461,226",15.0,5,2016
814,815,frigoclim Kälte-Klima,Yes,No,Germany,Construction,193.40,43.16,"3,890,690","1,326,082",22.0,7,2014
815,816,M Coffee Company,No,No,Germany,Retail,192.95,43.09,"2,117,442","722,795",5.0,3,2013
816,817,PROTEXTYL,No,No,France,Retail,192.85,43.07,"5,324,116","1,818,032",22.0,12,2011
817,818,SP architecte,No,No,France,Construction,192.84,43.07,"2,825,876","964,998",18.0,14,2009
818,819,Embargos a lo bestia,No,No,Spain,Retail,192.62,43.03,"22,559,217","7,709,375",178.0,54,2011
819,820,Snigel,Yes,No,Ireland,Technology,192.57,43.02,"20,479,764","7,000,063",3.0,2,2011
820,821,IMS Rettungsdienst,No,No,Germany,Health,192.31,42.98,"1,900,000","650,000",120.0,5,2006
821,822,Way2Global SB,No,No,Italy,Support Services,190.97,42.76,"2,411,600","828,820",16.0,1,2017
822,823,Media Access Solutions,No,No,UK,Support Services,190.48,42.68,"3,407,930","1,181,642",33.0,3,2014
823,824,Exadi,No,No,Spain,Sales and Marketing,190.28,42.65,"42,525,086","14,649,568",44.0,21,2008
824,825,Fiber-Service-Gesellschaft,No,No,Germany,Telecoms,190.17,42.63,"4,049,655","1,395,607",29.0,10,2014
825,826,TenderHut (Group),Yes,Yes,Poland,Technology,190.02,42.61,"10,264,611","3,868,483",280.0,140,2010
826,827,Worldwide Fishing Company,Yes,No,Spain,Food & Beverage,189.88,42.58,"140,442,673","48,449,141",30.0,12,2016
827,828,Doctor Hail spa,Yes,No,Italy,Automobiles,189.78,42.57,"18,101,114","6,246,592",43.0,26,2013
828,829,KBS Group,Yes,Yes,Germany,Support Services,189.70,42.55,"42,006,000","14,500,000",1500.0,650,2011
829,830,Terre Ehitus,No,No,Estonia,Construction,188.94,42.43,"2,089,215","723,064",12.0,5,2017
830,831,Bauer Energiekonzepte,Yes,Yes,Germany,Energy,188.54,42.36,"36,223,730","12,554,325",19.0,7,2013
831,832,New Euroart,No,No,Italy,Construction,188.49,42.36,"9,307,640","3,226,280",77.0,26,2001
832,833,Capelli For You,No,No,Italy,Beauty,188.42,42.34,"1,658,750","575,120",16.0,8,2015
833,834,Ogury,Yes,Yes,UK,Advertising,188.32,42.33,"108,758,853","37,992,902",371.0,133,2014
834,835,TFT Ernst,No,No,Germany,Construction,188.19,42.31,"2,012,427","698,300",17.0,7,2017
835,836,Somerford Associates,No,No,UK,Technology,187.81,42.24,"18,757,685","6,564,162",55.0,31,2001
836,837,ARCADIA Investment,Yes,Yes,Germany,Property,187.45,42.19,"8,102,218","2,818,652",38.0,12,2012
837,838,FiloBlu,Yes,Yes,Italy,Management Consulting,187.14,42.13,"55,564,420","19,351,090",186.0,112,2009
838,839,Tribus Digital,No,No,UK,Technology,186.89,42.09,"1,952,800","685,567",21.0,8,2016
839,840,DoIT,Yes,No,Italy,Technology,186.79,42.08,"3,040,000","1,060,000",35.0,20,2014
840,841,Global Perspectives,Yes,No,UK,Health,186.71,42.06,"6,631,496","2,329,522",23.0,8,2009
841,842,Pirene,No,No,Italy,Support Services,186.54,42.04,"1,512,680","527,910",25.0,8,1999
842,843,iPulse,Yes,No,UK,Personal & Household Goods,186.27,41.99,"105,149,602","36,995,102",183.0,39,2012
843,844,blue networks,No,No,Germany,Technology,185.36,41.84,"6,626,713","2,322,241",47.0,23,2002
844,845,N. Schwegler,No,Yes,Germany,Construction,185.24,41.82,"10,514,000","3,686,000",35.0,20,2009
845,846,Marcus Lutz Bau,No,No,Germany,Construction,184.26,41.66,"1,874,438","659,402",15.0,7,2002
846,847,HKR-Technik,No,No,Germany,Retail,184.14,41.64,"6,996,880","2,462,478",4.0,3,2008
847,848,Licht + Strom,Yes,No,Germany,Technology,183.54,41.54,"4,039,340","1,424,633",30.0,18,2007
848,849,Die Autowelt,Yes,No,Germany,Automobiles,183.23,41.49,"16,754,654","5,915,499",40.0,15,2009
849,850,ARTHEAU AVIATION,No,No,France,Aerospace & Defence,183.17,41.48,"11,263,318","3,977,562",9.0,4,2012
850,851,Cepo,No,No,Italy,Industrial Goods,182.86,41.42,"4,503,670","1,592,170",22.0,13,2000
851,852,Sneakers & Jackets,Yes,Yes,France,Financial Services,182.41,41.35,"2,888,273","1,022,714",2.0,1,2013
852,853,89up,No,No,UK,Advertising,182.41,41.35,"1,814,237","647,020",26.0,11,2009
853,854,LUXURY & PERFORMANCE SELECTION,No,No,France,Automobiles,182.39,41.35,"6,444,045","2,281,929",4.0,na,2016
854,855,Grayce Group,No,No,UK,Management Consulting,182.36,41.34,"17,890,928","6,381,674",395.0,117,2012
855,856,Nemesi Italia,No,No,Italy,Technology,182.02,41.28,"1,640,000","581,520",4.0,1,1993
856,857,Halo Service Solutions,No,No,UK,Technology,181.97,41.28,"5,037,087","1,799,189",40.0,12,1994
857,858,Raspberry Pi,No,No,UK,Technology,181.29,41.16,"80,066,074","28,668,484",73.0,36,2012
858,859,Giopato & Coombes,Yes,No,Italy,Interiors,181.27,41.16,"5,467,910","1,944,000",17.0,8,2010
859,860,Ship it,No,No,Germany,Retail,180.95,41.1,"3,391,041","1,207,009",8.0,4,2016
860,861,Rheinische Scheidestätte,No,No,Germany,Retail,180.89,41.1,"83,044,963","29,564,866",47.0,19,2012
861,862,Whites Agency,No,No,Poland,Advertising,180.88,41.09,"4,076,348","1,586,246",90.0,34,2011
862,863,Casa di Riposo Medicalizzata Sempione*,No,No,Italy,Health,180.66,41.06,"2,436,000","867,960",38.0,1,2017
863,864,CShark,Yes,Yes,Poland,Technology,180.55,41.04,"11,828,515","4,608,343",269.0,135,2014
864,865,Zinox Laser,Yes,No,Italy,Interiors,180.41,41.02,"6,364,000","2,269,510",47.0,30,2015
865,866,Tera Automation,No,No,Italy,Industrial Goods,180.39,41.01,"4,987,860","1,778,890",20.0,14,2013
866,867,Innova Hts,No,No,Italy,Health,180.22,40.98,"8,792,400","3,137,630",16.0,12,2014
867,868,Kentigen,No,No,Czech Republic,Technology,179.79,40.91,"1,507,867","554,004",20.0,8,2013
868,869,Teal Partners,No,No,Belgium,Technology,179.35,40.84,"3,873,750","1,386,701",23.0,13,2015
869,870,LM Medical Division,No,No,Italy,Health,179.23,40.82,"11,281,040","4,040,060",47.0,16,2010
870,871,BEC,No,No,Germany,Technology,179.21,40.81,"7,843,183","2,809,036",47.0,25,2003
871,872,Xylon,No,No,Croatia,Technology,178.97,40.77,"4,491,888","1,610,149",81.0,41,1995
872,873,Spedition Kai Rindert,No,No,Germany,Transport,178.52,40.7,"3,018,684","1,083,821",9.0,2,2017
873,874,CO.GE.SA. Costruzioni Generali Saba,No,No,Italy,Construction,178.13,40.63,"3,453,730","1,241,760",22.0,16,2009
874,875,Skärgårdstunnan/Skargards,No,No,Sweden,Ecommerce,178.05,40.62,"15,082,088","5,547,537",20.0,13,2010
875,876,Autonova Milano,No,No,Italy,Automobiles,177.33,40.5,"2,790,680","1,006,280",14.0,1,2015
876,877,Polarstern,No,No,Germany,Energy,177.06,40.45,"30,270,074","10,925,375",40.0,25,2011
877,878,halsdorfer + ingenieure projekt,No,Yes,Germany,Property,176.94,40.43,"31,038,460","11,207,566",15.0,5,2013
878,879,OPNA,Yes,No,France,Support Services,176.53,40.36,"2,317,903","838,200",23.0,9,2015
879,880,Stikets,Yes,Yes,Spain,Ecommerce,176.29,40.32,"9,318,626","3,372,820",39.0,25,2010
880,881,CampuStore,No,No,Italy,Education,175.75,40.23,"34,410,600","12,479,120",18.0,18,1994
881,882,Ars Futura,No,No,Croatia,Technology,175.70,40.22,"1,580,154","574,487",27.0,14,2013
882,883,Cemir Security,Yes,No,Italy,Support Services,175.61,40.21,"2,835,330","1,028,730",116.0,64,2015
883,884,Borgy CZ,No,No,Czech Republic,Personal & Household Goods,175.59,40.2,"22,419,033","8,362,568",60.0,40,2009
884,885,Groupe Zephyr,No,No,France,Health,175.27,40.15,"16,264,645","5,908,517",600.0,190,2007
885,886,Dernier Cri,No,No,France,Technology,175.07,40.11,"3,956,061","1,438,184",57.0,25,2015
886,887,yes!devs,No,No,Germany,Technology,175.00,40.1,"2,200,000","800,000",37.0,10,2016
887,888,Hydroflex Group,No,Yes,Germany,Retail,174.98,40.1,"13,166,000","4,788,000",36.0,19,2009
888,889,Proteko Service,No,No,Italy,Support Services,174.64,40.04,"5,502,450","2,003,540",31.0,7,2016
889,890,MiniCRM,No,No,Hungary,Technology,174.60,40.03,"2,232,347","944,107",26.0,26,2012
890,891,CNQ Consorzio Nazionale Qualità,No,No,Italy,Waste management & recycling,174.56,40.03,"2,151,050","783,460",39.0,13,2001
891,892,Accolade,No,Yes,Czech Republic,Property,174.26,39.98,"83,981,636","31,477,723",,,2010
892,893,Panel Sandwich,No,No,Spain,Construction,174.00,39.93,"9,637,845","3,517,519",27.0,9,2009
893,894,SYMBIOSE Informatique,No,No,France,Technology,173.97,39.93,"33,080,096","12,074,454",32.0,28,1991
894,895,G.Engineering,Yes,No,Italy,Industrial Goods,173.95,39.92,"16,504,780","6,024,830",51.0,24,2012
895,896,I-PARTICULIERS,No,No,France,Property,173.47,39.84,"4,071,600","1,488,875",200.0,50,2011
896,897,Henco,No,No,Germany,Retail,173.33,39.82,"6,970,679","2,550,263",48.0,25,2012
897,898,Giglio.com,No,Yes,Italy,Ecommerce,173.12,39.78,"25,355,630","9,283,620",53.0,25,2007
898,899,Alphaspel,No,No,Sweden,Retail,172.99,39.76,"4,535,769","1,699,234",16.0,5,2013
899,900,Sapiegos Klinika,No,No,Lithuania,Health,172.45,39.67,"1,578,677","579,436",24.0,14,2014
900,901,OpenCorporates,No,No,UK,Technology,172.17,39.62,"2,730,677","1,010,498",25.0,9,2010
901,902,BE CLOUD,No,Yes,France,Support Services,172.09,39.61,"10,371,094","3,811,605",49.0,22,2012
902,903,Drukarnia piga.pl,Yes,Yes,Poland,Ecommerce,172.02,39.59,"4,064,038","1,632,988",130.0,60,2014
903,904,groupe mister menuiserie,No,No,France,Ecommerce,172.00,39.59,"68,009,314","25,003,047",227.0,84,2010
904,905,Insetto,No,No,Germany,Retail,171.87,39.57,"6,010,130","2,210,651",79.0,51,1999
905,906,Technophage,No,No,Portugal,Pharmaceuticals,171.71,39.54,"2,237,180","823,381",13.0,9,2005
906,907,skalis portage salarial,No,Yes,France,Support Services,171.14,39.44,"6,202,068","2,287,420",68.0,25,2008
907,908,peoplegrapher,Yes,No,Germany,Advertising,170.86,39.4,"3,561,298","1,314,806",11.0,5,2016
908,909,Reveg Fruit,Yes,No,Italy,Food & Beverage,170.85,39.39,"2,356,570","870,070",4.0,2,2016
909,910,Sciant,Yes,No,Bulgaria,Technology,170.83,39.39,"3,192,139","1,178,653",79.0,39,2016
910,911,Boender & Beutel,No,No,Germany,Industrial Goods,170.63,39.36,"14,550,131","5,376,347",130.0,50,2012
911,912,EKINOPS,No,No,France,Telecoms,170.62,39.36,"92,800,000","34,291,000",456.0,419,2003
912,913,Sano-Técnica,No,No,Portugal,Health,170.53,39.34,"4,972,658","1,838,120",13.0,12,1938
913,914,möbelando,No,Yes,Germany,Retail,170.52,39.34,"16,692,390","6,170,577",24.0,16,2013
914,915,Democom,Yes,Yes,Italy,Telecoms,170.39,39.31,"3,347,950","1,238,210",37.0,12,2011
915,916,Erbagil,No,No,Italy,Pharmaceuticals,169.82,39.22,"4,021,010","1,490,280",11.0,3,2009
916,917,Axopar Boats,Yes,Yes,Finland,Travel & Leisure,169.30,39.13,"78,765,693","29,247,774",32.0,9,2014
917,918,Advanced Composites Solutions,No,No,Italy,Automobiles,168.86,39.05,"5,393,690","2,006,100",54.0,11,2012
918,919,Spartivento Yachts & Charter,No,No,Italy,Travel & Leisure,168.79,39.04,"5,194,630","1,932,580",34.0,12,2000
919,920,Seargin,Yes,Yes,Poland,Technology,168.70,39.02,"18,624,755","7,576,080",64.0,39,2014
920,921,TTP HOLDING,No,No,Germany,Support Services,168.68,39.02,"37,607,000","13,997,000",32.0,28,2009
921,922,Sweef furniture,No,No,Sweden,Retail,168.54,39.0,"9,506,903","3,620,585",14.0,5,2011
922,923,SONIC Tanácsadó és Szolgáltató Kft,No,No,Hungary,Technology,168.48,38.99,"4,646,080","2,009,719",10.0,5,2008
923,924,spotit,No,No,Belgium,Cyber Security,168.03,38.91,"20,387,729","7,606,472",71.0,30,2014
924,925,LABEL EXPERIENCE,Yes,No,France,Financial Services,168.01,38.91,"1,756,470","655,366",27.0,11,2016
925,926,LMM Logistics,Yes,No,Italy,Transport,167.88,38.88,"14,113,040","5,268,390",724.0,2,2015
926,927,Medicalfit,No,No,Spain,Health,167.73,38.86,"2,378,517","888,395",35.0,15,2008
927,928,Nuova MG,No,No,Italy,Industrial Goods,167.60,38.83,"2,126,840","794,770",26.0,23,2017
928,929,innov and co handicap,No,No,France,Technology,167.55,38.83,"1,879,824","702,609",30.0,7,2016
929,930,Alma Entreprise,No,No,France,Construction,167.54,38.82,"13,438,347","5,023,015",31.0,33,2003
930,931,Radit,No,No,Italy,Support Services,167.28,38.78,"1,879,520","703,190",15.0,8,2016
931,932,REGIONAL EXPRESS,No,Yes,France,Transport,167.07,38.74,"22,841,800","8,552,857",220.0,80,2013
932,933,Aravati,Yes,No,France,Support Services,166.79,38.69,"6,671,500","2,500,644",59.0,26,2004
933,934,Pöhner Hamburg,No,No,Germany,Retail,166.67,38.67,"15,603,000","5,851,000",7.0,4,2013
934,935,Schreinerei Huber,No,No,Germany,Construction,166.56,38.65,"2,629,044","986,286",21.0,18,2010
935,936,ISR,No,No,France,Technology,166.38,38.62,"4,637,943","1,741,112",12.0,12,1996
936,937,Kinga Mathe,Yes,No,Germany,Retail,166.18,38.59,"1,800,494","676,431",5.0,2,2008
937,938,Rivile,No,No,Lithuania,Technology,166.16,38.58,"3,905,042","1,467,195",24.0,20,1992
938,939,MaGarantie5ans,Yes,No,France,Retail,166.08,38.57,"9,253,546","3,477,788",20.0,8,2016
939,940,BEBEBOUTIK,No,No,France,Retail,165.71,38.51,"29,080,296","10,944,325",98.0,36,2012
940,941,Radar Cyber Security,No,Yes,Austria,Technology,165.43,38.46,"12,727,043","4,794,822",122.0,88,2011
941,942,CLAIR GROUP,Yes,Yes,France,Aerospace & Defence,165.35,38.44,"38,960,985","14,683,064",121.0,49,2004
942,943,Appsfactory,Yes,No,Germany,Technology,165.29,38.43,"18,044,631","6,801,966",221.0,105,2009
943,944,Stiltz Homelifts,No,Yes,UK,Interiors,164.93,38.37,"36,960,953","14,051,407",250.0,142,2010
944,945,Star Stone,Yes,No,Romania,Construction,164.83,38.35,"4,409,476","1,729,707",105.0,48,2012
945,946,Coptrz,No,No,UK,Aerospace & Defence,164.78,38.34,"6,297,471","2,395,445",22.0,10,2016
946,947,Nurole,No,Yes,UK,Technology,164.77,38.34,"3,249,493","1,236,098",35.0,15,2014
947,948,ABAO Energy,Yes,No,Germany,Construction,164.38,38.28,"2,406,917","910,386",15.0,10,2016
948,949,Welol Next,No,No,Italy,Technology,163.97,38.2,"2,685,440","1,017,320",32.0,16,2011
949,950,Intent HQ,No,No,UK,Technology,163.93,38.2,"5,762,891","2,199,126",75.0,22,2010
950,951,Café du Cycliste,No,Yes,France,Ecommerce,163.42,38.11,"7,445,865","2,826,571",20.0,14,2009
951,952,LANGER Lüftungs- und Klimaanlagen,No,No,Germany,Construction,163.42,38.11,"4,609,256","1,749,794",8.0,5,2016
952,953,Formind,Yes,Yes,France,Cyber Security,163.27,38.08,"16,845,354","6,398,583",130.0,60,2010
953,954,Oasis Smart SIM Europe**,No,No,France,Telecoms,162.65,37.97,"3,065,165","1,167,000",20.0,4,2010
954,955,Aferetica,Yes,No,Italy,Health,162.51,37.95,"6,376,910","2,429,230",13.0,9,2013
955,956,Zero,No,No,Italy,Energy,162.50,37.95,"42,000,000","16,000,000",37.0,15,2014
956,957,SKILLS,Yes,Yes,France,Support Services,162.17,37.89,"11,650,138","4,443,710",70.0,20,2011
957,958,3E Studio,No,No,Italy,Support Services,161.84,37.83,"2,804,580","1,071,090",22.0,1,2015
958,959,Pannonia Steel,No,No,Slovakia,Construction,161.81,37.82,"1,768,886","675,645",5.0,1,2013
959,960,Kronos,No,No,Italy,Fashion,161.72,37.81,"23,579,000","9,009,270",21.0,15,2009
960,961,LaSaponaria,No,No,Italy,Beauty,161.63,37.79,"6,304,690","2,409,730",22.0,11,2007
961,962,Die Wuhlewanderer,Yes,No,Germany,Health,161.58,37.78,"4,970,000","1,900,000",95.0,50,2013
962,963,IMINT Vidhance,No,No,Sweden,Technology,161.54,37.78,"4,851,538","1,897,113",27.0,26,2007
963,964,Arte e Passione,Yes,No,Italy,Restaurants,161.45,37.76,"1,671,730","639,410",47.0,18,2016
964,965,PAUL MARIUS,No,No,France,Retail,161.37,37.75,"24,869,602","9,515,000",87.0,29,2011
965,966,Scalefocus,No,No,Bulgaria,Technology,161.21,37.72,"33,137,857","12,686,177",730.0,330,2012
966,967,Whiskyzone,No,Yes,Germany,Retail,161.11,37.7,"10,750,866","4,117,340",16.0,7,2014
967,968,Targa Telematics,Yes,No,Italy,Technology,160.94,37.67,"37,386,150","14,327,610",113.0,63,2002
968,969,SIAN Wholesale Ltd,No,Yes,UK,Transport,160.04,37.51,"74,719,260","28,939,861",50.0,23,2003
969,970,Visage Technologies,Yes,No,Sweden,Technology,159.98,37.5,"5,677,639","2,233,448",104.0,54,2002
970,971,Riotloc,No,No,Lithuania,Games industry,159.92,37.49,"1,551,468","596,906",1.0,1,2016
971,972,BullionVault,No,No,UK,Precious metals,159.81,37.47,"16,196,046","6,278,456",34.0,31,2003
972,973,3A Antioxidants,No,No,Spain,Chemicals & Pharmaceuticals,159.49,37.42,"7,704,000","2,968,892",23.0,9,2000
973,974,on Metall,No,No,Germany,Industrial Goods,159.42,37.4,"2,587,718","997,518",6.0,3,2016
974,975,Scribbr,Yes,Yes,The Netherlands,Education,159.33,37.39,"8,862,818","3,417,536",39.0,22,2012
975,976,Selectra,Yes,No,France,Energy,158.84,37.3,"62,951,353","24,320,734",1000.0,500,2007
976,977,Energetic,No,No,Italy,Energy,158.58,37.26,"1,711,470","661,860",13.0,7,2010
977,978,Faveod,No,No,France,Support Services,158.40,37.22,"2,598,585","1,005,658",9.0,7,2007
978,979,CYE Energia,Yes,Yes,Spain,Energy,158.39,37.22,"23,673,728","9,161,867",15.0,5,2013
979,980,Integrata Oy,Yes,No,Finland,Financial Services,157.99,37.15,"9,409,000","3,647,000",105.0,33,2008
980,981,Regular Trade,No,No,Germany,Retail,157.87,37.13,"11,671,000","4,526,000",25.0,15,2010
981,982,Expleo,No,No,Hungary,Energy,157.82,37.12,"2,696,785","900,686",15.0,6,2011
982,983,Confezioni Velvet,No,No,Italy,Fashion,157.62,37.09,"3,355,870","1,302,640",21.0,21,2015
983,984,Activ Bilanz,Yes,No,Germany,Property,157.55,37.07,"17,286,985","6,712,146",10.0,12,1998
984,985,Family Nation,No,No,Italy,Ecommerce,157.40,37.05,"5,300,370","2,059,190",12.0,5,2011
985,986,Majar – Matzaridis Bros,Yes,No,Greece,Technology,157.07,36.99,"13,224,865","5,144,442",19.0,13,1994
986,987,Izertis,Yes,No,Spain,Technology,156.87,36.95,"50,740,841","19,753,150",791.0,431,1996
987,988,Fashion Commerce,Yes,No,Italy,Ecommerce,156.44,36.88,"2,349,000","916,000",5.0,1,2016
988,989,Bulk Tainer Logistics Limited,No,No,UK,Transport,156.27,36.85,"56,054,130","21,717,432",105.0,41,2009
989,990,Wingeco,No,No,Italy,Industrial Goods,155.74,36.75,"3,407,310","1,332,330",22.0,12,2016
990,991,Meblobranie.pl,Yes,Yes,Poland,Ecommerce,155.48,36.71,"19,295,429","6,909,799",25.0,12,2021
991,992,Queraltó,No,No,Spain,Ecommerce,155.39,36.69,"21,900,903","8,575,344",67.0,39,1898
992,993,Phobos,Yes,No,Slovakia,Automobiles,155.23,36.66,"3,529,454","1,382,844",12.0,8,1993
993,994,Archita Engineering,No,No,Italy,Support Services,155.02,36.62,"2,739,230","1,074,130",5.0,13,2013
994,995,Celeritas,No,No,Spain,Transport,154.94,36.61,"58,139,933","22,805,398",27.0,10,2006
995,996,peopleForecast,No,No,Germany,Technology,154.86,36.59,"2,086,411","818,658",45.0,15,2014
996,997,Digitalpa,No,No,Italy,Management Consulting,154.82,36.59,"1,731,340","679,440",12.0,41,2014
997,998,Faktenkontor,No,No,Germany,Advertising,154.81,36.59,"30,967,000","12,153,143",150.0,100,2003
998,999,CLAREO,Yes,Yes,France,Retail,154.80,36.58,"18,854,708","7,399,729",53.0,13,2012
999,1000,Laca Trade,Yes,Yes,Italy,Property,154.60,36.55,"24,741,510","9,717,860",5.0,5,2013
